state_0,state_1,state_2,state_3,state_4,state_5,state_6,state_7,state_8,state_9,state_10,state_11,state_12,state_13,state_14,state_15,state_16
1.2485478765137465,0.0016620629522368412,-0.0036899677812387297,0.0037847278200330648,0.0026882807269748695,0.0013231010804107182,0.0027528716908257877,0.0023873822728170306,0.0012288203650044202,-0.0030565224827037696,-0.0015961908589111205,0.00045915956038845504,-0.0038306346906578827,0.003171707742088457,0.002335590019661829,0.004021727951062673,0.004062268247039273
1.2470819580140355,-0.008501859120873131,0.0034729266713754816,-0.033307470582810084,0.06403641404474958,0.003672164154606508,-0.024613678466624447,0.05600362585657373,-0.7255268704557213,-0.3774042583891757,-2.7710748729089065,1.1978661656031235,-8.606253302742564,10.0,0.4435890934663435,-7.072766657600076,10.0
1.2421276987939753,-0.03742129223634846,0.012754147692265391,-0.11984158806116814,0.24202903157218977,-0.0005382096736879236,-0.07879805415819688,0.20536409905517405,-0.9098478330330956,-0.8687116196297052,-4.4346164685615355,1.1013513450506516,-10.0,10.0,-1.4963599497332163,-6.32150057887842,10.0
1.2329917145501148,-0.07862441791614565,0.0210766056671618,-0.23195712080433287,0.526130349143854,-0.008256620448229663,-0.1465762131376676,0.4465679038793413,-1.2442247321887008,-1.4190750898360924,-5.834616498656083,0.9662150867718258,-10.0,10.0,-0.43603770349580595,-10.0,10.0
1.220145793382117,-0.13080159833444252,0.02718307800515994,-0.3578594749288039,0.8906538399323286,-0.02492237244332089,-0.20632556466635,0.7666527232350941,-1.294045710796336,-1.6578374905153646,-7.053019382941379,0.5804773790479965,-10.0,10.0,-3.5513448587151455,-4.300476298643262,10.0
1.2076212189979676,-0.1908346193620944,0.03156506645168514,-0.5076728000678394,1.0961553158027526,-0.04842767831085381,-0.26063748061047104,1.0153111377343473,-1.7198040573248963,-1.5770304083921207,-7.93490735194029,0.5070156299999435,-10.0,10.0,-2.2547505667765653,-9.772697741354444,10.0
1.1940514237064532,-0.254654621574964,0.03511382126343369,-0.679400662171378,1.1563611901820012,-0.062264346861829904,-0.3525827224893701,1.1061229722357733,-1.8385667905973455,-1.8554028872682078,-8.008419453148711,0.3845951277561036,-10.0,2.032091997263382,-1.1553476233063997,-10.0,5.1113367989774625
1.1782114663686716,-0.3179808860013728,0.037459278709561165,-0.860499531679856,1.1453079291336588,-0.07756253041512567,-0.4443012571406108,1.1149154181416634,-1.686750789446451,-2.1020233381624047,-7.782118082553475,0.21390751306994737,-10.0,-3.9626754680649316,-2.544437644693872,-9.804840316426631,-1.9944065599990097
1.162736024255969,-0.3700507651535497,0.037792329903032176,-1.0182890320921618,1.1041887952451235,-0.09264824389801796,-0.5105256333484672,1.0862477498003562,-1.1685017889940394,-1.7131884380898386,-5.284223848900589,-0.08563108506338876,-10.0,-5.916452225517604,-0.9313257464699782,-7.446527094330234,-4.727335721682167
1.147977275087884,-0.41601348477394245,0.03269169825260748,-1.1522915134698848,1.0545203264022927,-0.09638675457410761,-0.5817515474901758,1.0442599511811261,-1.3576261368224536,-2.000551813319925,-6.195138757105769,-1.1799393332195036,-10.0,-6.2850324965232875,-0.05475094970182692,-10.0,-5.5404129338848485
1.132818845734812,-0.4829177473581945,-0.013105168566484726,-1.2568092582534989,1.0067879879240125,-0.12724599205439108,-0.646545380132064,0.9999873136239773,-1.211106452068004,-1.8050641884936582,-10.0,-10.0,-9.409804336212398,-5.5796842166190865,-7.632306441831576,-5.947849962900948,-5.40351093601158
1.1180856359578273,-0.5442430099130785,-0.06635502115199374,-1.3341658248460937,0.9655998202904413,-0.14988933380702948,-0.7178266094935069,0.9599116640409548,-0.9306911133889851,-1.8675908538072674,-4.833513545213331,-3.155277854680337,-10.0,-4.69634041305444,1.8854271476692204,-10.0,-4.599899106032826
1.1036757453983024,-0.5892586911245536,-0.11009199061907216,-1.3942158470377994,0.9307509677187921,-0.1487026410816455,-0.7994832493029735,0.9252804626537039,-0.7038138440081375,-1.7318185619155615,-6.421913496196613,-7.753490312745262,-5.04436422948733,-3.9932239618312577,-1.6037089525296597,-8.517584596035407,-4.003579916466544
1.090040978411192,-0.6283863049838601,-0.1612362742072948,-1.4280302617550458,0.9021428372126858,-0.14164858781764256,-0.8794866717616052,0.8971606228362573,-0.44330724680252825,-1.6732915451753654,-3.380906578429516,-5.0540035936078,-3.4437651358302293,-3.172032883948236,3.294732681525642,-10.0,-3.0608872480616993
1.077008320399643,-0.676983366091651,-0.2406093592182215,-1.4292639521482795,0.8799917279978045,-0.1540160411376105,-0.942664003451654,0.8762341434960423,-0.3042589058919567,-1.597493864502536,-8.740987279003223,-10.0,3.178099747088024,-2.3974227178828094,-6.2866736593078825,-4.575071875283025,-2.210105681682724
1.065529817608396,-0.7072330448236672,-0.30728770158825797,-1.412931106192299,0.8629182018845036,-0.1453012834930876,-1.006330789574737,0.8606511566513751,0.13060882998538637,-1.2582596129077877,1.1164498580414572,-2.040662651924897,0.8632752296834859,-1.8801100799924095,8.307494642231141,-10.0,-1.70529911025268
1.0558419064223858,-0.718628125013251,-0.3606493911925718,-1.3792104206769664,0.850683766533876,-0.11522656961691659,-1.0699849192727506,0.8493134374642554,0.28023153543289264,-1.1663731277707974,-3.9252710999000193,-10.0,7.63182187118729,-1.2277810758804513,-0.6693705598700297,-4.946347075400013,-1.1595685364812918
1.046822177028588,-0.7475613177093042,-0.45472774414428957,-1.3037548447598566,0.8426996463056834,-0.11719968965178419,-1.1117483019797763,0.8386555283060007,0.53480946613112,-1.0914761702132558,-3.306379616765071,-10.0,10.0,-0.8002261482597427,0.17643831458843504,-5.500028352094689,-1.495284512718788
1.0369910093516275,-0.7912931703521595,-0.5852208440645568,-1.1866541590862747,0.8374323196458037,-0.1394220503597008,-1.1508588179442678,0.8291384359201985,0.6779405621106099,-1.3874728276092863,-7.555372126321036,-10.0,10.0,-0.5411794508803622,-5.606238608138327,-4.37587915690175,-0.9264728410428592
1.0283982620049792,-0.824697885274675,-0.7184877401992664,-1.034924143112449,0.8335665806602919,-0.155105436447563,-1.1816226704210426,0.8239377120880752,1.1185267603626774,-0.7497851473608469,-0.821243735468635,-10.0,10.0,-0.4283034253122679,1.6581843290426248,-3.3338161293356956,-0.4226445060920397
1.0211186468084112,-0.8314330967454704,-0.835404309523623,-0.8517593282935625,0.8297546123121246,-0.1365832226647476,-1.2228241176283052,0.820906978743107,1.3820848057782142,-1.0899537652142361,-0.7754326799637711,-10.0,10.0,-0.5134268915832396,3.108072586572881,-7.042898967851852,-0.3355593346396839
1.011969288710713,-0.832775556270929,-0.9773393688540492,-0.6026962610741979,0.8261999179012186,-0.10671675520375425,-1.278627011727461,0.819137750911135,1.726971863986849,-1.2443842438274637,0.7414841613802015,-10.0,10.0,-0.4086362867912316,4.907647028578158,-7.2546360266154535,-0.12611212402572353
1.0040859484137108,-0.8296595508154658,-1.1260994402444742,-0.3332051591646869,0.8226193766311738,-0.0791750374548613,-1.320894866038892,0.8175197632188796,2.0655472643411423,-0.6401630043262642,-0.5607194331518071,-10.0,10.0,-0.5924803584048716,0.9139959851345627,-2.7410922357720553,-0.2576007708908921
1.0002048155728254,-0.8458381508962215,-1.2936683714855657,-0.07965700876014685,0.762747421271541,-0.09556340499555804,-1.3251102268315837,0.8166477151956392,2.322505012618646,-0.42555309848499145,-2.798882159379325,-10.0,10.0,-10.0,-3.788282140903024,0.9823560711569087,0.011028336228506935
0.9964758617672284,-0.8671502187782543,-1.458816992574863,0.15265353543333707,0.6283811037565514,-0.11857550448584772,-1.3260861828192527,0.8165732837817344,1.9428137448077223,-0.3780000649450707,-2.8641494199520063,-10.0,10.0,-10.0,-2.5129053151382537,-0.5426627826549304,-0.03892194149563492
0.9935902300923001,-0.8975503211924314,-1.5630268859907912,0.25030211328251994,0.5071164175509224,-0.1438291269073716,-1.3345866327884799,0.8145410877375165,1.6513120049304624,-0.3661817872199051,-4.785987619000068,-10.0,6.405025625081787,-10.0,-3.9073948742317537,-1.6221772663925833,-0.4090338506684342
0.9934360182209786,-0.9189360938895326,-1.6185182868001597,0.27066173671329613,0.36888052846912406,-0.1530364225457,-1.355656633589384,0.8122564145783584,1.9869057761316156,0.29395060767270453,-0.4066892237315398,-3.184172089393904,-0.4922790423560197,-10.0,1.8699526706185223,-3.86280795691704,-0.18104645755500098
0.999311758811189,-0.9080682833396798,-1.618686369285134,0.2536767131796001,0.2382308803667064,-0.12651114078353032,-1.3754603993191474,0.8109195956204522,2.174339737561074,1.1565722281722723,3.18743124175773,2.9221457737330985,-3.338971566049156,-10.0,4.87389202342483,-1.1945928636736203,-0.15074989927746832
1.0092437200588973,-0.8851122097917213,-1.593657413612842,0.22232467893742336,0.16869106325578,-0.0933271789329601,-1.3757668608457783,0.8103046523321987,2.1136143566292556,1.318913735192655,2.5853002011643946,3.2132086393173735,-4.28142980555244,-6.710788933207258,3.474584977151048,1.0644060609267063,-0.017719897809032766
1.0190820668421654,-0.8705433615524745,-1.5733176326668867,0.18751315758234263,0.1273893974366291,-0.07384462990581186,-1.360984138507265,0.8110662750883944,1.950344748921337,1.138504431336986,1.071260178351289,1.8147855893758993,-4.306316239942479,-4.073215289314248,1.4153251942499088,2.6111653819957588,0.17965617329198943
1.0268301792839991,-0.8713725212344705,-1.569463039489342,0.15533280355123014,0.0943791215117287,-0.07136095117773568,-1.3444711694949998,0.8120732364521354,1.8658934952940798,0.7975936274123321,-1.274144010266201,-0.8642375687853237,-3.7134514131875735,-4.32420663388555,-0.7833050410980396,1.5032162793793136,0.0821390540865047
1.0343960427375662,-0.8642038818097922,-1.5600499146072107,0.12770777273428824,0.065801844839384,-0.05268510063811923,-1.3464362136694044,0.8125832927324422,2.3231624146020957,1.0898891675023687,3.0561476592636474,3.1872768523770656,-3.1760374925713974,-2.898226195498755,5.439494180854874,-1.9879990228548325,0.04839403188833498
1.0468044803695085,-0.8109436243401937,-1.5050296260107898,0.10341483990345987,0.04688604369316943,0.02119586274316393,-1.3580478552946564,0.8131007035993718,2.776740631032061,1.82074625819355,8.167306257578776,8.457723386001913,-2.8760491239181696,-2.6438704859372244,10.0,-0.12501270764517725,0.09548126269861443
1.0590556430234066,-0.7668817488693659,-1.4605534432018594,0.08299265226890519,0.03174932770758147,0.07503610628138706,-1.3465609619179426,0.8141727315457639,2.314702068436574,1.2937458645528068,3.349161010261361,3.172404659671794,-2.2403890842591174,-0.8976273060389632,3.8425684529695694,2.807369469600685,0.1559091747106384
1.0693498424245822,-0.7492186690740352,-1.4444427100085684,0.06817069188723499,0.005441532303086862,0.09096786027995096,-1.312645546445561,0.815677261479357,2.1559409817739046,1.3049542795313243,1.363329752256329,1.1778852776376434,-1.5105778711120772,-5.3054929164089195,0.5163697177056655,5.58679611763712,0.20492740647663096
1.0783896884228705,-0.7465142801458814,-1.4442013092870414,0.058133908636719446,-0.045492630408958123,0.0890635000764398,-1.276822424781421,0.8168030664232551,2.1153335123586565,0.9643371436508587,-0.5649899338057496,-0.9817757091534984,-1.0291202140205686,-7.229845893885473,-0.8136198825708703,3.296348675614881,0.08789131032342157
1.0855817862401262,-0.7515629890991639,-1.4524277354050723,0.04938950629259735,-0.0852730853592684,0.08133656293073792,-1.251191506677733,0.8174357726005032,2.089204549564958,0.8351572578053875,-0.6592136403358502,-1.0139877740196783,-1.1108365479315578,-2.4232149580854814,-1.0594573088650683,3.0957923049987848,0.07007047854314352
1.091883733996523,-0.7566571072385787,-1.4601268079183438,0.04108858162858609,-0.10754323559919113,0.07349566393243526,-1.230693485903574,0.8179237563353395,2.1439536442295695,0.740366809339569,-0.6148877943663191,-0.913991615492763,-0.9573330335383379,-3.1496746019996857,-0.8962386064257308,2.021086298265209,0.05280507623911092
1.0980969237043627,-0.7617056707897761,-1.4663443428399512,0.034334715671015044,-0.1827206457940343,0.06577335345500225,-1.2185960659144395,0.8166073715222012,2.285623719505489,0.8155129060034664,-0.6193633072367626,-0.5774572093652556,-0.7340757812522066,-10.0,-0.9963045071170694,0.9994747424661878,-0.3274595364189102
1.1049665416997363,-0.7654692783381759,-1.4679796686442868,0.029516512548632776,-0.3479193211161281,0.05894870713793008,-1.2144385293836348,0.8141586124172505,2.4355802522428567,0.8992249530858059,-0.33118720328845513,0.043928035623626314,-0.4969692755392975,-10.0,-0.7239593783123435,0.030896594232487917,-0.28193815593704197
1.1124623871938322,-0.7674069474410002,-1.4673512009175211,0.026299747012022246,-0.49621125665251864,0.0538909306985072,-1.2189971540465834,0.812865872527252,2.6308913802302167,0.9783456182787734,-0.15331057500889866,0.14060715809855667,-0.3185967290400104,-10.0,-0.5488964212991513,-1.1591114823443203,-0.0660047026318202
1.1205090792627768,-0.7688962916347241,-1.4663246436119528,0.02443601854564564,-0.6213655248672968,0.04932132382963697,-1.233284913704152,0.812790311856486,2.8058951824309983,1.0364977984342332,-0.20010213964988324,0.16989995029188404,-0.159017412397959,-10.0,-0.5760878268556092,-2.403617865186674,0.03344865815181542
1.129146307938142,-0.768753149379517,-1.4623205138783124,0.02305551530242171,-0.7412795606124796,0.04584254226281078,-1.2549766232778292,0.8130275879936413,2.952375179089477,1.1206470545266944,0.22078410422878803,0.8414993692183348,-0.1757370319241708,-10.0,-0.3150444492278261,-3.0038433044089876,0.0259349050934138
1.1381445741732217,-0.7650757747484828,-1.4518000213002824,0.014848360587183581,-0.8429018352299834,0.04413389540414635,-1.2787298075583537,0.8132263306763757,2.994861476986397,1.0726337049769834,0.6280270778277008,1.676734792427092,-2.3606119337880447,-8.633642922716856,-0.10908865292724448,-3.0582318899922343,0.027221085132536765
1.146560501227517,-0.758307338907296,-1.4372388294460101,-0.007870555718876753,-0.8886760095836923,0.04330234487488247,-1.300713516644261,0.8139255204902305,3.0466139509365786,1.036016098188372,1.0727192395879372,1.7563894031951361,-2.538242655485204,-3.3030291504469647,-0.1006814018201139,-2.4385060534129135,0.13153957877894698
1.1557744261692118,-0.7458569733555057,-1.4213306165679345,-0.022655478534001332,-0.9016228684017322,0.04095032322027852,-1.308436902889182,0.8138068249044207,3.127651836835393,1.272425984566784,2.0793580882204146,2.228767232681725,-1.0588858405914772,-0.29475017083548083,-0.4386786482957512,0.49730340545555907,-0.12673751652055487
1.1667599848175307,-0.7238356906793819,-1.3969776628978108,-0.0373105178002444,-0.8431402484477434,0.03802639264094009,-1.2919194079789884,0.8139955729964335,3.1564857888107647,1.4674651062814714,3.4146518974038025,3.830776619311754,-2.5237009112709092,10.0,-0.29854536073627996,3.6342358509917108,0.13830653610519444
1.1796974412858772,-0.6911000006130245,-1.3643937203558043,-0.04249460843240264,-0.7700186546883094,0.03631115804254784,-1.2531573306571977,0.8154037311693366,3.4206701593525985,1.7842490170415461,4.794316422674682,4.209349707530067,1.6790800288720669,1.6294605851804045,-0.15899951346052973,6.126077678009836,0.19900243241132326
1.1940048838694686,-0.6488894415008638,-1.3292072114180422,-0.028326467570727827,-0.7017766742727086,0.03539808839939744,-1.1943492948456875,0.8157369583162465,3.4861799911777602,1.7860053946240482,5.763972915169612,4.5849124236895715,1.9445341547349329,10.0,-0.076398315115034,8.615938933324019,-0.08053669466122383
1.2084694434213967,-0.5983257924559265,-1.291078498899603,-0.0065842566748983535,-0.5501805839280598,0.03437073598715756,-1.1122599622224554,0.815550673510593,3.6063384933702327,1.8226077138387589,6.910753847084942,4.972600762186629,3.5988591299247616,10.0,-0.1660209796577926,10.0,0.019006465569257436
1.2229999980812698,-0.5377403003616054,-1.2422877604707059,0.016148516117860556,-0.3183010889302814,0.03351396105196609,-1.0027729517100665,0.8155025856378041,3.642296501736384,1.810058653624669,8.269011929323947,7.487198096151527,1.8321442398579333,10.0,-0.06178072164496888,10.0,-0.030382951299756614
1.2374595576217797,-0.46503729015647083,-1.1692739188963874,0.02490318157985186,0.012036916707071355,0.03248183152178999,-0.859023576697324,0.8148739839421874,3.7524833203762413,1.7984880826805467,10.0,10.0,0.5241704354319354,10.0,-0.18907287663408412,10.0,-0.12348475058135858
1.2512260960475454,-0.38172286941646705,-1.0717845086599818,0.027496130646805925,0.42808368931767976,0.023891328902952758,-0.6685101960046019,0.8141152658484114,3.908033668370394,1.6273742603610113,10.0,10.0,0.1908179492034039,10.0,-2.3408205159277027,10.0,-0.08896955956649534
1.2645525055042561,-0.27973615569561483,-0.9381092190278403,0.028521367152876516,0.9263873077800076,0.008780062171261038,-0.41941244356897306,0.7690414641218752,4.7762766811330755,1.7453531597897511,10.0,10.0,0.14210054592974503,10.0,-2.562706268652897,10.0,-10.0
1.2766335539386677,-0.14338843015391356,-0.7724003935151251,0.028994904003031834,1.2094820790557832,-0.0046181464234236105,-0.10648886867094191,0.6614740717414452,6.2951774889521595,1.085223990469577,10.0,10.0,-0.04976920218963803,10.0,0.1177316162629829,10.0,-10.0
1.280414738310279,0.018944667492843778,-0.5923915676696667,0.027999031775320322,1.2937818236347447,0.021283062828353773,0.17235888075778022,0.5576909197103606,5.7273700766711935,0.009645615538370761,10.0,10.0,-0.19600287840056757,2.851059055295916,4.129947395105039,10.0,-7.781314443980547
1.279316774326614,0.11267026234474267,-0.48924963199158206,0.026137892141432313,1.2798458021408443,0.04511277425418532,0.2885259533834632,0.565185695009159,4.31567493765218,-0.19598316665283289,7.726396203155661,8.498327824372307,-0.25802984662042266,-5.214655787053298,1.9541227720101717,7.4589050185003245,9.684621296732915
1.2781034667012003,0.15394783759794883,-0.44371729717360725,0.024512819801327024,1.2218228509656073,0.05513453615882522,0.312764898190514,0.6724380283855915,3.536443651299361,-0.11251297876119148,3.0493262910130015,3.383932426980368,-0.15476789476018601,-8.641284953457411,0.638881112484149,-0.4606858997336545,10.0
1.2780847282104244,0.17257474282139815,-0.42028666964087386,0.022259985513554858,1.1509350880526628,0.058463050255175265,0.29317722536594304,0.7507025160540208,3.2191047441611698,0.08247295954916917,1.8478121337667641,2.6941859653046114,-0.36978500676945464,-8.821388784662881,0.20584420054806515,-3.9381153795324777,2.566153594659662
1.2795877904190935,0.18512988807780212,-0.38782644104971964,-0.006533056227841659,1.083166682244916,0.058584632273624156,0.25524581976652566,0.7107824994945049,2.9143313929125956,0.2838539649817338,1.4021040720365596,5.541348083283305,-6.8188540582219215,-8.00566071964552,-0.14019617131546308,-5.2479249747819985,-10.0
1.2821300514461011,0.1965626536972368,-0.33772755579089414,-0.06912054173161047,1.0240427762319082,0.05682801387067515,0.21344513606347454,0.5679117543396133,2.7761700902313438,0.3518932923158726,1.465482238251472,7.005970348532147,-8.837011270289446,-6.749475817207257,-0.27242358287205976,-5.076511098585611,-10.0
1.2849673156073371,0.20818196605469985,-0.2732649903818786,-0.15470805169894383,0.975450978539923,0.05510376821741368,0.17512311332066152,0.36596273955068526,2.5589108105563025,0.34823721100932337,1.4159061789104401,9.070103467108407,-10.0,-5.419613753773957,-0.16295916118513948,-4.452947732688515,-10.0
1.2870680365128588,0.2173628062418941,-0.18530789435092643,-0.2914769955951735,0.9368261627053492,0.05384639382008856,0.1420047601235291,0.1660465997467005,2.090602276461124,0.1377156497753973,0.9099543250129564,10.0,-10.0,-4.2786196475919684,-0.14971199164453608,-3.8084396123794115,-10.0
1.2862437429171882,0.22179913954172392,-0.07686939465956391,-0.48241433584750715,0.9054283944307812,0.050984111376583055,0.11370805602578282,0.02919535326118479,1.7265949701645988,-0.3708642396523039,0.30455374056650886,10.0,-10.0,-3.57425952489147,-0.5192461214359835,-3.258276100236426,-10.0
1.2815758189302286,0.22104254468686738,0.01270399797564297,-0.6485001436039398,0.881052007149749,0.0405229354992887,0.0895947970935094,-0.009792090341383624,2.0819501147844366,-0.7509379056032988,-0.7307946628460145,8.021750345191734,-10.0,-2.5505388465380703,-2.4152954107929183,-2.7565652955393034,1.652146826009337
1.2746288063245326,0.21023140409004595,0.05437006351895807,-0.7428926690097652,0.8632016876195153,0.012415537615611283,0.06962109769106414,0.05356377088710411,2.4482575600313945,-0.9787015825527898,-1.6906819648933245,2.9376045551107004,-8.182725810550192,-1.9268280964600866,-4.256400186964666,-2.242918418169611,10.0
1.266224057925042,0.1984602340452359,0.06904755328455388,-0.7857770062833436,0.8507128765290408,-0.010537473057460158,0.03134554946411937,0.2213803370700676,2.656844346139472,-1.1210241597812032,-1.1362699746022265,0.9505031023438064,-2.7174209405523353,-1.2423465984923658,-1.3466803021737441,-7.211585139988172,10.0
1.2565159763604852,0.19056142057004624,0.07035381895881426,-0.7928397886709356,0.842590142824139,-0.029289722566062718,-0.007109330771882137,0.46599030036940325,3.0580587986007304,-1.3028083139021738,-0.709867276489345,-0.4473079350948058,0.8863498980306392,-0.8191502563523401,-3.2970652631643893,-2.04869263230077,10.0
1.245548563637507,0.18955737906243345,0.06477696770979308,-0.7726225270997817,0.8360232705929598,-0.054081107569558515,-0.009901755228252221,0.7680835315351879,3.430539559579694,-1.4264715018243148,0.5303512799023256,-0.8744140426251675,4.206966538567426,-0.8064557133654223,-2.8384622838213946,1.6014250812012305,10.0
1.23507236255346,0.20237187496829334,0.057180013480187294,-0.7171813587331951,0.8296766786800225,-0.0780978900122235,0.02035381061000589,1.0058324198050754,3.9390115560055428,-1.2042372255462397,2.6326931449091253,-0.9541750965343934,9.586153455839503,-0.7647747046391109,-2.0324908030807185,3.1847188389953054,10.0
1.225591980512151,0.2297505708463703,0.049220898994652804,-0.6225963835745075,0.8246735711428799,-0.08679893549874394,0.03648469723626294,1.0898483378891388,4.225930896345924,-1.200871880981907,4.2599973214752005,-1.0082161398291574,10.0,-0.5072251091494075,-0.13499046225870887,1.0686220584310933,4.39466334422465
1.2156603360712113,0.2545212805709325,0.021367233585752828,-0.48994838365095356,0.8216787252252528,-0.1000502000093334,0.041694016916461664,1.0963399378086647,4.165724955324614,-1.3021381883966767,1.9269357509554244,-6.0215011586798255,10.0,-0.2719328899385143,-3.1809239903515456,0.3165420382034554,-1.9492577013301737
1.2039057715134542,0.28853864580509975,-0.010658103016388188,-0.32567879513469566,0.8184819317178107,-0.10326577199821696,0.04137993290102232,1.0673443324380232,4.593763677672509,-1.661333313717799,6.588560347396394,-1.979086912305216,10.0,-0.4964383960079264,2.3788829103240223,-0.3101063450973559,-4.819924308206904
1.1894111524719106,0.3480642504286963,-0.008415559426432453,-0.1726368062503635,0.8155731854650915,-0.0761087022678815,0.038039606415068435,1.0004816963929353,4.45917088659111,-1.942511834882873,8.295544969848288,2.6473774152758187,10.0,-0.23995371534758966,4.418153548070686,-0.4897658935601486,-10.0
1.1736988368108419,0.38626583577568285,-0.017080950137036397,-0.04897959949578341,0.8141206031512337,-0.07253090558408123,0.03500425071582616,0.9256187773378409,3.724964245262395,-1.9626285324851651,1.2698426520673973,-4.769742247225265,10.0,-0.12692879432867504,-3.522564919633032,-0.2874856588124962,-7.196029589162193
1.1565824849067572,0.4350642846137761,0.007012600057066045,0.03177101629072686,0.8140115379912779,-0.0505838799341434,0.026605235739208824,0.8789322648329944,4.105376482654413,-2.303367996516873,10.0,9.781421639214326,5.733053955818926,0.07578401138900369,8.068394125707373,-1.709823891903719,-4.661170137974767
1.139330602095477,0.47772124239348457,0.0472068612554744,0.06273362509542843,0.8149453502947894,-0.03207474871728898,0.01782056115963629,0.8502525850723764,3.202094746842972,-1.9815295394810188,0.48957483636637367,0.10390069719097461,2.354151204601535,0.14691542486082657,-3.4169198117142434,-0.6025541213920635,-2.677371970024673
1.1235055223767187,0.47736822594903827,0.04729313822379566,0.07137261833071375,0.8161632066450072,-0.0640420565188971,0.01435255587782016,0.8252944823984644,3.053720107857402,-1.9846299384181272,-0.46478013112156513,-0.07242751338785075,0.07287229220372238,0.1514603099671083,-4.443410373668972,-0.2938797622700884,-3.549665204760537
1.1076812737425368,0.47494889791442396,0.046829025620543176,0.06844433904370634,0.8163887947280678,-0.09879288702282286,0.012238508208553843,0.7612481212889948,3.296418013556321,-1.9508992504313343,0.31575607001484307,-0.10836853465143245,-0.8305756327094528,-0.2333504346595083,-3.7915272775287474,-0.23366365070308126,-10.0
1.0939477607665533,0.47125149873739686,0.04517988319747614,0.038488821561572566,0.8147652914966408,-0.13644158237128093,0.011473902525744546,0.6124204837086795,3.2441086012588913,-1.4962804573524362,-1.1899856430502762,-0.2776426287381359,-6.269402778019261,-0.14719210649826742,-5.482474906599886,0.021116419244746908,-10.0
1.0827135059885273,0.4690228177788402,0.04311304637750001,-0.0019173247353718292,0.7828798504914228,-0.1704406166025442,0.01150728977850196,0.37259021802359527,3.6317212158653955,-1.3105071569575362,0.5970425602306526,-0.2325638878948183,-3.848800071914118,-7.282118314441458,-2.9602967981514308,0.004686809859308445,-10.0
1.0743224304299317,0.4686126721152149,0.041185662587851175,-0.04343693621847487,0.68593557038089,-0.19648937509511835,0.01240543799091572,0.08605531439533876,3.488078262041712,-0.8230244830188477,-0.6690958780749574,-0.24989765512467013,-6.3018517144525745,-10.0,-3.7814230547208814,0.17143711094637085,-10.0
1.0693301060333829,0.4594188209434651,0.03824212647691829,-0.0990582367350044,0.5261003997910625,-0.23118352044076682,0.013788212252358403,-0.08017150418436816,3.429269306730557,-0.44481612874572285,-1.579355455790744,-0.45518547339892046,-8.032628762192592,-10.0,-4.845953637772585,0.16745492362884112,-10.0
1.0659421353788658,0.450068039357944,0.023235475846343015,-0.14075124425960475,0.4277874723058765,-0.2677741110019971,0.014755921070584101,-0.1727356641326407,3.817504242395148,-0.39848690277384474,-0.7495905247480048,-3.2533415500189684,-2.3718926064430983,-9.114423221295205,-4.259882443843987,0.08456912010273708,-9.048764580080984
1.0633824191881196,0.44755508002737543,0.006900223708580599,-0.1733183891268105,0.3801250076356405,-0.2973290379714468,0.015236115692621503,-0.23569287675486855,3.8682353550006825,-0.23813524048595125,-0.02546739187054356,-1.0654814805880441,-5.558221533625295,-3.5592461726205653,-3.2714408685037077,0.04588847526200948,-7.150378736326614
1.062648705988488,0.4495541945715703,0.003803264727741107,-0.22381762723707324,0.35574106098532476,-0.3194354529687209,0.01556182464025563,-0.29514206194813125,3.941262942279766,0.05725042222530047,0.4245643314543134,0.14296202068098923,-6.939996874456805,-2.9146173822356167,-2.3441652887050073,0.04073911461959903,-7.9423030004882476
1.064078849942754,0.45569590541366695,0.005631127772386779,-0.27437383773661445,0.3270254431637908,-0.3333167167739307,0.0158319391423264,-0.36527574307849686,4.1170475942169205,0.30320682002426,1.082618425270492,0.29044714082521755,-5.664507192222689,-4.4403798379878,-1.132487771126372,0.030772508672424412,-9.727358907662131
1.0671429248418827,0.46770709093721746,0.007345831342763667,-0.3105731793112215,0.28454507225932285,-0.3365626649713289,0.01587619836672724,-0.4513469794942946,4.338483700603729,0.4643843207301127,1.9203372128199359,0.15228799892527706,-3.3686883778211145,-6.280451243641946,0.3409879152864357,-0.011664256214131415,-10.0
1.071727952528638,0.4882147179869255,0.009427677484467128,-0.3258780144292102,0.222493611113482,-0.32537062536822975,0.015457625764175061,-0.5573306358471097,4.609685222340562,0.6818937578068498,3.1771537447123483,0.338788247831925,-0.43710553575983424,-9.219776406042538,2.4426358779953015,-0.0790889618960081,-10.0
1.0786061885320517,0.509178300192978,0.012893665532656983,-0.3360040405739666,0.1418215347172772,-0.3071840670238696,0.01523119371745798,-0.6867861137131934,4.442790311575082,1.0402942158098583,2.0445886265839883,0.4967205906900193,-2.031583750784523,-10.0,2.1052767396007206,0.013613842619399089,-10.0
1.0874494049277696,0.5234981253693708,0.015722023297204075,-0.35069644697135394,0.04931263125258256,-0.29123559858672204,0.016001295472239857,-0.8333037007276627,4.400751875317956,1.0748329864851178,1.5429255237217585,0.21838955453984477,-1.77240036764527,-10.0,1.4928473060486644,-0.10525871555062671,-10.0
1.0959647649349635,0.5330010278517835,0.016783629035161618,-0.365738216612966,-0.048733191630356956,-0.2843468082232864,0.011911346446404958,-0.9162668397253977,4.308531989668178,1.0717033449279498,0.8496077970437932,0.06525453215311756,-1.9571259020492915,-10.0,0.1924230663479648,-0.43522693776033156,-6.044289968490487
1.1048415020050504,0.5325157093094499,0.005576190934494758,-0.37082707239137597,-0.1582330888024955,-0.2937667923714641,0.010202058672566398,-0.9427268586919978,4.2569527515443335,1.1551569321195245,-0.9461491077641957,-2.816272172394468,0.6521012773980742,-10.0,-2.461915788060778,-0.031086755138200597,-1.1373064361334557
1.1130412475566456,0.5410023167128382,0.0017108465610283152,-0.3645933800402041,-0.2780810548776571,-0.2962162635133058,0.010131815071392903,-0.9408875494628763,4.632285586909603,0.8935148154626543,3.1915725299810793,2.0467678707372645,0.8290627673951508,-10.0,2.0149101348495115,0.012407917573092214,1.2688122739555054
1.1208196654128897,0.5512316315549346,0.0004063809097821676,-0.35182547027591377,-0.44075072658636205,-0.29823529572839935,0.010987271334007632,-0.9266212915662818,4.309059617985025,1.0525294437578914,-0.6197053239025512,-2.3738694781390146,2.489969730984174,-10.0,-2.4818763202458474,0.17935233499053893,2.135018358832275
1.1282509054084826,0.5650590988654371,0.0025171963165850925,-0.32546637386006255,-0.6701445054915207,-0.29692331440986885,0.012127098738897524,-0.9084614732829425,4.699757257123332,0.8195631238046412,3.421509043486088,1.858970967757036,4.714005476934766,-10.0,2.049884848036771,0.1263303211019192,2.323469606187708
1.1343456427709129,0.588310725234037,0.005542866598755045,-0.26712079873573163,-0.9588175225377931,-0.2865135818521217,0.01357827450260397,-0.890164711864519,4.639868967967862,0.5992607702120657,2.2875881380129375,-0.9125283732656488,7.5380649240678235,-10.0,0.37858390118302704,0.2357449504805285,2.2257333666616583
1.1376115750720583,0.6107805124395042,0.00015033571329913756,-0.21160008727404675,-1.0944717989520802,-0.28020414745582695,0.015660964429556903,-0.8729386306115167,4.741740096301768,0.24048659190528152,3.33790809878409,-0.4451882862604575,6.617762051874399,-8.786204554421483,1.2315794517001022,0.27033729189244227,2.043022927125414
1.1392302430799313,0.6309831242452182,-0.007848457866563113,-0.16887905715740809,-1.1242958997184611,-0.27826182238520264,0.018027543116507016,-0.858665424458104,4.530627323391984,0.1748505920421802,1.72622526214438,-1.570295915693873,4.2798835184295845,0.21621526951705072,-0.7197845855924911,0.3068114104380652,1.542787915376307
1.1403102304511397,0.6562909013584635,0.010911474924501334,-0.1707030460830277,-1.103242283449094,-0.2693718365643762,0.019411983886047007,-0.8481049570550647,4.369483493034563,0.1520557462909468,3.038832637344137,3.7842052556510115,-3.3619657632049553,4.401519876085887,1.111795487626929,0.09708308738592546,1.125249759723546
1.1409373863661123,0.6777658885090128,0.030515164520572194,-0.1835937489833852,-1.0614334301909176,-0.2644162884684018,0.019447836740536056,-0.8403291628056666,4.428725329123483,-9.924242033592517e-05,2.500330455862675,1.369938333122358,0.07747569845658353,5.731788224806604,0.3146081453052942,-0.07062662145301768,0.8299191532481208
1.140693414915176,0.6888983440881605,0.035969592880108245,-0.19923208007489707,-0.9530431098202481,-0.27291328158196154,0.019699854965930023,-0.8338154516481924,4.142641187049771,-0.07002635646504309,0.39625653454923554,0.13630362073863542,-3.939013655598421,10.0,-2.29847040046048,0.10827619755970354,0.7842236202196802
1.1398198877681613,0.6918713436823755,0.029729689724253584,-0.20941232664599943,-0.8330071297742853,-0.29223604242837514,0.020415662921914768,-0.828491954891874,4.248852755347147,-0.15088268110204922,0.34752958607804496,-1.6359880969663791,1.1178496777645466,10.0,-2.5334210300719806,0.07288481485277515,0.5592236885936854
1.1393050821045008,0.6838148853600936,0.008934248063527508,-0.2044710252943397,-0.7805834324915895,-0.3245256153498593,0.02071780758094849,-0.8231733519767577,3.947982695527298,0.03467611740895732,-2.3383060715318633,-3.582370296124927,0.38707722905105046,1.5586097643953183,-5.502587946697935,0.007281812358511091,0.7257391418385601
1.1392436166224817,0.6591935349546457,-0.03486642059000099,-0.18196384890715492,-0.7856417968658547,-0.376633675449268,0.02136026081724415,-0.8184609625950896,3.930327570480088,-0.05829126527167032,-3.808937189976583,-7.348563824115106,5.191576536399932,-2.580018073588557,-7.508431365010514,0.13461261037905634,0.47160878976231707
1.1381347940008917,0.6222389027178761,-0.10791385600020273,-0.1269709477498353,-0.7996062160165848,-0.4450322273507989,0.022003449545402263,-0.8149859803607853,3.814754859530641,-0.22917602108608628,-5.4181220346840435,-10.0,8.58859737736298,-1.0660671244512891,-9.58528674298511,0.036930441662322754,0.3953387745132577
1.1354399816862801,0.5668689482042119,-0.21701409042764122,-0.04329592438442241,-0.7951624245078909,-0.536757245271161,0.022625648832349236,-0.8131431828257308,3.5041591092815816,-0.46696085410065374,-8.386994824307333,-10.0,10.0,2.0354412971760167,-10.0,0.10665122775934013,0.09926768991233204
1.1300524855394036,0.5234214901671133,-0.3103868720665995,0.02888677894944689,-0.7155601274888975,-0.6105615546850387,0.005953813840932986,-0.757189552020209,3.7430659059945786,-0.8515789797183495,-2.49196398388297,-7.035918789780793,5.757956376172757,10.0,-5.179251481086102,-4.226336400024388,10.0
1.1228547699157523,0.47874611641353476,-0.3872050371075508,0.05603116351225416,-0.5338202636170782,-0.6956797803869872,0.010681657878152484,-0.7187468272743026,3.061226569881007,-0.907914671483424,-8.420599341684124,-10.0,0.8868502218349243,10.0,-10.0,3.588045291333378,-2.8261796384789575
1.1134757183915722,0.4503254902861599,-0.43371514638872544,0.05721989646401491,-0.2762140237448964,-0.7692549194490953,0.02903829377782209,-0.6918378641925493,3.9306465970055644,-1.4221953319780822,1.2572490929673874,-0.035044592446191736,-0.40580722292855387,10.0,-3.674311959709914,1.25295722957377,9.400478866439927
1.1037775745776615,0.4712953046101029,-0.40052357966324625,0.019889849961382544,0.009282927617945497,-0.7798334963154255,0.03598582533325747,-0.6790710818450931,4.115868823065024,-1.011159347391764,3.9535367656381712,8.282224730075718,-9.010308285486806,10.0,0.9517914218232306,0.5544607054732658,-6.148306100587188
1.0969510825852742,0.49852770756065234,-0.3372065217322238,-0.04944675067511651,0.222778117963648,-0.7721464293571227,0.03916555842492333,-0.791967700114451,4.075654695156352,-0.706276707310732,2.9035303183147403,7.659505239869716,-8.632459872380627,10.0,0.9892884085065978,0.2488341419305161,-10.0
1.090093767826156,0.5254584835711446,-0.2832635106478372,-0.09282368998038948,0.34255122973447033,-0.7625556163579034,0.03882457664117417,-0.9049930696117141,4.20535036299921,-0.992956521803899,3.7959894935370833,5.8084020331282415,-2.285944110118595,10.0,1.3810666292717713,-0.25033464137682615,-8.677507434701571
1.0816001654329142,0.5662905211025623,-0.2008424499348576,-0.15893792780335747,0.48261673930949944,-0.7407576613349593,0.036136814077111244,-0.9460775793531744,4.066154907449685,-1.1535239023713626,6.373801672384268,10.0,-10.0,10.0,4.020633637761524,-0.37917140083304735,-2.3049777423593083
1.0723015114227734,0.6197963870116018,-0.07165907217980519,-0.2894625097653457,0.616424988255539,-0.7065385785975322,0.033289902257040115,-0.9496120915714815,3.9408628161491284,-1.1904568222197676,6.9846227692121,10.0,-10.0,9.403646555595607,4.513024066907996,-0.31908075047883566,0.9955270446074609
1.062094003930141,0.683047749805522,0.08449816247640482,-0.45699267779838443,0.6385531640858914,-0.6585156927356713,0.024451427512921058,-0.9363301659628191,3.586126444729357,-1.1823348100194562,4.512237727202457,10.0,-10.0,-3.5442591391624316,2.3069143744879557,-1.1318791619596809,2.101611214305345
1.0538022642434355,0.6872280763727828,0.15904009997992255,-0.5996541267122584,0.5838559043586043,-0.6766564563645873,0.01794862154154002,-0.917705094198599,2.9413004607720037,-0.9065482702359414,-2.779555978435763,4.801989606123963,-10.0,-10.0,-6.021587396452746,-0.5579875302496037,2.4464447407463723
1.0454958115110649,0.6606486941089055,0.17636843340413322,-0.6967882894285924,0.5590987816488233,-0.7308433927234274,0.014582551697120373,-0.8967519871217373,3.016896615585856,-1.173937691110102,-3.5142731669365617,0.09392146271083734,-8.349253226907425,3.9668163449058094,-7.100570874775332,-0.31051309242376174,2.6886689121168437
1.0363583761033064,0.6349108376679107,0.1684000559124409,-0.7397278333254302,0.5602989643397659,-0.7839322852647511,0.012456291064297262,-0.8762900207330412,3.342165422017974,-1.112500718341527,-2.75614532596124,-1.809863517749468,-2.5545032769298928,-3.617408526573055,-5.980222864772682,-0.2270797007737814,2.398259210374261
1.0279836969359408,0.6117525925300279,0.14891321262239254,-0.7495739175272049,0.4897013826303204,-0.8328929053568478,0.011839459744650336,-0.8602351436643229,3.440378208110854,-0.9857593113285731,-2.902275294444187,-2.861035845217058,0.04434169831095669,-10.0,-6.098803749106632,0.037934973895321175,1.662142326142495
1.0188620379430675,0.591913409595886,0.12480464313395434,-0.7379940561644541,0.4323455481312308,-0.8790666812704949,0.012090901240578851,-0.8479689030195013,3.5147165198330357,-1.3003888350131914,-1.9800554406946096,-3.0624300892759635,2.7546691076622527,-0.3565841463678434,-5.364862613638587,0.025849564659815454,1.3993737359978837
1.0076016836773376,0.5742140670942992,0.09728120938630598,-0.7129918785835391,0.46701362236718297,-0.9254157906469631,0.012772894853491184,-0.8387146725657698,3.367621636992312,-1.5147093069429718,-2.4323623692562912,-3.7913957167896597,3.5101355149812927,8.999866508671738,-6.201370191150599,0.12818929078018398,0.9442433395908786
0.9945744943640995,0.5582119272450715,0.07173552304449228,-0.6852392180956952,0.5627332271795742,-0.9721236079567452,0.014156964842478817,-0.8325376133482446,3.363188492640949,-1.7358993422776499,-1.6225797702322395,-2.657734388838885,3.4857055788057867,10.0,-5.526116832820286,0.2031958291547533,0.6222189373258286
0.9796680922594707,0.543644509430006,0.05342312172606385,-0.6634088953018069,0.7285230735511893,-1.019261835798903,0.015367085960832791,-0.8283132511709366,3.096402871506121,-1.9800789624982382,-2.075484544633184,-1.947370349407983,2.057206124028136,10.0,-6.313494440224074,0.1063465380982665,0.44157524534696857
0.9639036579818938,0.5200846428857359,0.040797876550721125,-0.6664890110313952,0.9254364595702044,-1.0778787495814675,0.016668862657189153,-0.8233535991169636,2.66930969174527,-1.8892308622610159,-3.913357898866187,-1.2460645343399235,-3.4318493926160625,10.0,-8.34630784611166,0.1914357990587246,0.7337424392345293
0.9491274524144678,0.4940142482241137,0.03232693582197151,-0.6844538455677268,1.0085496397857325,-1.1376961021102507,0.017477678317031734,-0.8190844149968726,2.929956745730299,-1.8209614620318015,-2.5947664958037224,-0.894884466615239,-0.97213972579111,5.356880392065113,-6.632334589721112,0.032340054175789765,0.37035235246964404
0.9346176907506601,0.4792134499789443,0.02635853060905684,-0.6800861773463199,1.0234280513488074,-1.1836983325336752,0.017673993384775495,-0.8164794487220883,3.2168005624451057,-1.8145273784654434,-1.1035953294347893,-0.6170073195610802,2.151049015349543,-0.8620723431694584,-4.879891740517718,0.019944721367249705,0.2852885174675334
0.920689072174659,0.45929411505762713,0.002319072854477383,-0.6461084671271076,1.0066623173342293,-1.2345565396887768,0.018138051407595578,-0.8153713787958995,2.9373178287847046,-1.6773550180394317,-3.868953561116448,-5.412941629578581,6.425708641699957,-2.9933779005349352,-7.827967656608697,0.08606892858301404,0.023691307726030113
0.9068495172655618,0.4326670505423949,-0.039701967340345284,-0.5846238911024544,0.9793976111898746,-1.292888865541542,0.018580378867481033,-0.8145840097698379,3.0619223283738966,-1.7872594409393396,-2.7930933937108704,-5.128377855176255,9.010417559046843,-3.64824742208456,-6.772923174915053,0.032126132564965965,0.15377082019210156
0.892043646319407,0.411788147787056,-0.08210628199611127,-0.5354247446063367,0.9533958651972353,-1.3466035162492518,0.019350582136640215,-0.8129316547895125,3.037925182570295,-1.8625276895526823,-2.408726585920006,-5.382419537901603,3.4544549364279957,-2.7751301742639387,-6.560155600395454,0.13413628405819153,0.2375424119077422
0.8775508261935661,0.39821324999775104,-0.12633770744183673,-0.5099389671341897,0.9332158806115668,-1.392258063287901,0.02027289835680205,-0.8122622564054541,3.331150251620029,-1.754067344539512,-0.9936995877551403,-5.648007275216224,3.2619385262590423,-2.2980238648831106,-4.858702110038093,0.09694997139037939,-0.036011440263826425
0.8645730266473901,0.38081759662654063,-0.17081069195554172,-0.5151956053714422,0.9148272873054195,-1.440171160212382,0.02057658007624641,-0.812989976607759,2.8617734681979194,-1.5004710379818265,-3.3552499753272187,-5.450408346474329,-4.375909546794835,-2.297946314845665,-7.135307445353232,-0.007243822921845222,-0.13037059205801185
0.8518914885617478,0.38112168980093075,-0.16896411009905327,-0.5884290863159798,0.8948848374892829,-1.4683192766354454,0.020187727826179412,-0.8140407628861706,3.576486613719586,-1.6970275161733075,3.414985606529432,5.82457119731842,-10.0,-2.736703502354122,0.03526802954440811,-0.07353563424376099,-0.1262796894288448
0.8385956450161972,0.4083884229918403,-0.1216477588107338,-0.7020507764670542,0.8687022733949229,-1.466365882093331,0.019059475703208824,-0.8153997055704832,3.6141711106930194,-1.6275504672606877,3.3995330536630535,6.01151942037855,-10.0,-3.9837316036032697,0.440551115147317,-0.1898091790047066,-0.19937033843285654
0.8260673675067426,0.4261206240158903,-0.08266966307912141,-0.8224394060781189,0.8306816569465488,-1.4718563714259945,0.017675677742306814,-0.8170360602531049,3.2920663491964706,-1.502582719786264,1.0360129979689057,3.7371519468949033,-10.0,-5.61738931677505,-1.8127376436255007,-0.15588103335737677,-0.20341003520634118
0.8143404973347689,0.4318505082474089,-0.05330823068350917,-0.9497237609264554,0.776638794102191,-1.487862015908591,0.016382128019770344,-0.8185901764074215,3.2147145889863853,-1.4328870598522299,0.3937170007858781,3.577730833035993,-10.0,-7.856144723109265,-2.1993549299221726,-0.16174351862586667,-0.1823791578257033
0.8041789907958403,0.4253939340033914,-0.04474130429046937,-1.0579463592284382,0.7092821480928184,-1.5131417519761372,0.015044503103390096,-0.820029172239935,3.2108522310760645,-1.1055150679866097,-2.0086895142807997,-1.344835696515879,-10.0,-8.966386890276445,-4.118098025759026,-0.16824746913806626,-0.17354759895883382
