state_0,state_1,state_2,state_3,state_4,state_5,state_6,state_7,state_8,state_9,state_10,state_11,state_12,state_13,state_14,state_15,state_16,state_17,state_18,state_19,state_20,state_21,state_22,state_23,state_24,state_25,state_26,state_27,state_28,state_29,state_30,state_31,state_32,state_33,state_34,state_35,state_36,state_37,state_38,state_39,state_40,state_41,state_42,state_43,state_44,state_45,state_46,state_47,state_48,state_49,state_50,state_51,state_52,state_53,state_54,state_55,state_56,state_57,state_58,state_59,state_60,state_61,state_62,state_63,state_64,state_65,state_66,state_67,state_68,state_69,state_70,state_71,state_72,state_73,state_74,state_75,state_76,state_77,state_78,state_79,state_80,state_81,state_82,state_83,state_84,state_85,state_86,state_87,state_88,state_89,state_90,state_91,state_92,state_93,state_94,state_95,state_96,state_97,state_98,state_99,state_100,state_101,state_102,state_103,state_104
0.8031649710957421,1.071859310302595,-0.03774001162010703,-0.09054562374860793,0.06851264929397069,0.01916914785674413,-0.08389591120384975,0.03649783029894499,0.04322272003799002,0.005772329773011148,0.023872204378471595,0.02672996036683567,-0.09895799606360677,0.026971094535643687,0.11229939531877096,-0.02448154989883709,0.018039376851580146,0.024668116493005026,-0.0615139918721956,0.006802887752547743,0.049597895790989555,-0.014762371440287463,0.07573816156012478,0.011762308969322984,-0.0015534817238619545,0.06390023931382295,0.10003253775685515,0.0,0.0,0.0,0.0,0.0,0.0,0.0,0.0,0.0,0.0,0.0,0.0,0.0,0.0,0.0,0.0,0.0,0.0,0.0,0.0,0.0,0.0,0.0,0.0,0.0,0.0,0.0,0.0,0.0,0.0,0.0,0.0,0.0,0.0,0.0,0.0,0.0,0.0,0.0,0.0,0.0,0.0,0.0,0.0,0.0,0.0,0.0,0.0,0.0,0.0,0.0,0.0,0.0,0.0,0.0,0.0,0.0,0.0,0.0,0.0,0.0,0.0,0.0,0.0,0.0,0.0,0.0,0.0,0.0,0.0,0.0,0.0,0.0,0.0,0.0,0.0,0.0,0.0
0.8280332896068437,0.9941371249992392,-0.03241214895230889,-0.09171522829250364,0.047213834813478156,0.1337024937786078,0.4384770050512942,-0.0423902330463707,-0.3937838733056265,0.0912237193264461,-0.412801549398843,0.11280462662183859,0.42834377728036127,-0.22985206404583236,-0.07868209376397661,0.28997481324538765,-0.013834550065463806,-0.6130767473946922,-1.2245938937033032,4.542482760350893,12.727491834858531,-3.119084469285631,-8.703451154660462,3.3777602701740683,-9.353429908032503,3.350360769818196,12.525563682124275,0.0,0.0,0.0,0.0,0.0,0.0,0.0,0.0,0.0,0.0,0.0,0.0,0.0,0.0,0.0,0.0,0.0,0.0,0.0,0.0,0.0,0.0,0.0,0.0,0.0,0.0,0.0,0.0,0.0,0.0,0.0,0.0,0.0,0.0,0.0,0.0,0.0,0.0,0.0,0.0,0.0,0.0,0.0,0.0,0.0,0.0,0.0,0.0,0.0,0.0,0.0,0.0,0.0,0.0,0.0,0.0,0.0,0.0,0.0,0.0,0.0,0.0,0.0,0.0,0.0,0.0,0.0,0.0,0.0,0.0,0.0,0.0,0.0,0.0,0.0,0.0,0.0,0.0
0.8203499980138516,0.9945898437382245,-0.02807967579595586,-0.09603397491581606,0.027929378830120043,0.5143135864038002,1.054063840275235,-0.37661982364471114,-0.7858546711586181,0.22790935753969363,-0.8882046005680244,0.25495096492195046,0.8558747763165411,-0.15253050958058278,-0.06220287243137468,-0.6071190824979312,0.20698628409512151,0.3514218319964955,-0.28442233906855796,10.648892116108268,11.89961108335187,-10.206464792554616,-6.987625209473348,2.1041434897098195,-9.659441301081817,2.3388842500786584,4.63982623246593,0.0,0.0,0.0,0.0,0.0,0.0,0.0,0.0,0.0,0.0,0.0,0.0,0.0,0.0,0.0,0.0,0.0,0.0,0.0,0.0,0.0,0.0,0.0,0.0,0.0,0.0,0.0,0.0,0.0,0.0,0.0,0.0,0.0,0.0,0.0,0.0,0.0,0.0,0.0,0.0,0.0,0.0,0.0,0.0,0.0,0.0,0.0,0.0,0.0,0.0,0.0,0.0,0.0,0.0,0.0,0.0,0.0,0.0,0.0,0.0,0.0,0.0,0.0,0.0,0.0,0.0,0.0,0.0,0.0,0.0,0.0,0.0,0.0,0.0,0.0,0.0,0.0,0.0
0.7699966986109783,0.9940865349561852,-0.03499869160635223,-0.09098741308619698,0.04783663099059438,0.5738525465882436,1.2877253151513661,-0.5644440096283805,-1.0173375304453922,0.14728143165524682,-1.319475154512244,0.18596549759184228,1.1233711775247384,0.28305550237425686,0.14508174353532605,-1.3858196308036488,-0.17282080559097002,-0.7872670484117723,1.2534691590294573,-1.4248701955196676,-2.2614796649742726,0.935374683134734,-2.31940935460349,-5.27254544763735,-0.1565646524287594,-5.0360823234673235,6.055438908180605,0.0,0.0,0.0,0.0,0.0,0.0,0.0,0.0,0.0,0.0,0.0,0.0,0.0,0.0,0.0,0.0,0.0,0.0,0.0,0.0,0.0,0.0,0.0,0.0,0.0,0.0,0.0,0.0,0.0,0.0,0.0,0.0,0.0,0.0,0.0,0.0,0.0,0.0,0.0,0.0,0.0,0.0,0.0,0.0,0.0,0.0,0.0,0.0,0.0,0.0,0.0,0.0,0.0,0.0,0.0,0.0,0.0,0.0,0.0,0.0,0.0,0.0,0.0,0.0,0.0,0.0,0.0,0.0,0.0,0.0,0.0,0.0,0.0,0.0,0.0,0.0,0.0,0.0
0.696531732198814,0.9930003877720758,-0.0172010010801456,-0.096442545293115,0.0659787155356449,0.5229230331791339,1.1528990088392859,-0.44335864781224,-1.1992113308836727,-0.18073316372162126,-1.2511892416801376,0.01595151087130494,1.2428471119943982,1.012965915843686,0.28318926990328475,-0.42158589196331375,2.9631322933200215,1.479959477961585,0.2489838014246445,-0.6118910107562421,-3.1052717459567316,3.7024017358678445,-4.659951749324243,-7.623011034791889,1.0092352272915148,-1.807189610791246,-1.087773222380384,0.0,0.0,0.0,0.0,0.0,0.0,0.0,0.0,0.0,0.0,0.0,0.0,0.0,0.0,0.0,0.0,0.0,0.0,0.0,0.0,0.0,0.0,0.0,0.0,0.0,0.0,0.0,0.0,0.0,0.0,0.0,0.0,0.0,0.0,0.0,0.0,1.0,1.0,-1.0,1.0,1.0,1.0,0.0,0.0,0.0,0.0,0.0,0.0,0.0,0.0,0.0,0.0,0.0,0.0,-1.0,-1.0,1.0,1.0,-1.0,1.0,0.0,0.0,0.0,0.0,0.0,0.0,0.0,0.0,0.0,0.0,0.0,0.0,0.0,0.0,0.0,0.0,0.0,0.0
0.7134014801187221,0.9916162971640676,0.014126922824780277,-0.04971240056413217,0.11843237091385739,0.4546333860523445,1.1301547730402768,-0.3170799024666062,-1.2243678495696237,-0.4818189265289722,-1.1968181067053412,-0.18440042866686346,1.1663183287416743,1.6841786918760202,0.4477467432703879,0.18182595903307205,1.4911819909439767,1.4912076240567667,2.6342539921794064,-2.1071827867593376,2.159517275703225,1.49471600761923,1.8637546083710648,-4.615860148980825,1.170771815718152,-6.145134563235347,-1.9887095148958425,0.0,0.0,0.0,0.0,0.0,0.0,0.0,0.0,0.0,0.0,0.0,0.0,0.0,0.0,0.0,0.0,0.0,0.0,0.0,0.0,0.0,0.0,0.0,0.0,0.0,0.0,0.0,0.0,0.0,0.0,0.0,0.0,0.0,0.0,0.0,0.0,0.0,0.0,0.0,0.0,0.0,0.0,0.0,0.0,0.0,0.0,0.0,0.0,0.0,0.0,0.0,0.0,0.0,0.0,0.0,0.0,0.0,0.0,0.0,0.0,0.0,0.0,0.0,0.0,0.0,0.0,0.0,0.0,0.0,0.0,0.0,0.0,0.0,0.0,0.0,0.0,0.0,0.0
0.7084751390825321,0.9826882281899785,0.04057904922325939,-0.031378358826001616,0.17802411504727111,0.37559111748859303,1.252993876524608,-0.2784409347477126,-0.9550075131955975,-0.5528270289448575,-0.9562578117015093,-0.5258984842553563,1.2370172002009676,1.7080990980322064,0.48877365465558864,-0.4610738593559299,0.9101819863796591,0.07646185413581594,1.9009412194338968,-1.0635948567945126,-0.31314343777519915,0.06028023985888015,8.851485810770034,0.7005763387795356,8.388100340216214,-6.201037593542138,1.7168984664042743,0.0,0.0,0.0,0.0,0.0,0.0,0.0,0.0,0.0,0.0,0.0,0.0,0.0,0.0,0.0,0.0,0.0,0.0,0.0,0.0,0.0,0.0,0.0,0.0,0.0,0.0,0.0,0.0,0.0,0.0,0.0,0.0,0.0,0.0,0.0,0.0,0.0,0.0,0.0,0.0,0.0,0.0,0.0,0.0,0.0,0.0,0.0,0.0,0.0,0.0,0.0,0.0,0.0,0.0,0.0,0.0,0.0,0.0,0.0,0.0,0.0,0.0,0.0,0.0,0.0,0.0,0.0,0.0,0.0,0.0,0.0,0.0,0.0,0.0,0.0,0.0,0.0,0.0
0.6669000909377528,0.9770797550693137,0.06386023943290126,-0.02075384809209405,0.20200569259957346,0.33885387091373087,1.2116052048014916,-0.37054305765655715,-0.5150737021731342,-0.3810423452745454,-0.4779428861588189,-0.5505558631502235,1.2335163095625863,0.9972369673694224,0.46752185164234056,-0.9453245719689641,0.7490949061145391,0.4288933025151101,0.3896488521560141,-0.4182625788410059,-1.2383659229637485,-3.7122529376477478,7.25970390066481,6.109799403168553,8.681725555596106,0.7683273433026049,-0.3600252494172268,0.0,0.0,0.0,0.0,0.0,0.0,0.0,0.0,0.0,0.0,0.0,0.0,0.0,0.0,0.0,0.0,0.0,0.0,0.0,0.0,0.0,0.0,0.0,0.0,0.0,0.0,0.0,0.0,0.0,0.0,0.0,0.0,0.0,0.0,0.0,0.0,0.0,0.0,0.0,0.0,0.0,0.0,0.0,0.0,0.0,0.0,0.0,0.0,0.0,0.0,0.0,0.0,0.0,0.0,0.0,0.0,0.0,0.0,0.0,0.0,0.0,0.0,0.0,0.0,0.0,0.0,0.0,0.0,0.0,0.0,0.0,0.0,-1.0,-1.0,-1.0,-1.0,1.0,1.0
0.6624377541124943,0.9792107967314988,0.03646481397955296,0.0059339811222109545,0.19945255268845713,0.4052986072279124,1.0495944973839841,-0.5733592798938173,-0.4910713487107962,-0.026415066755735225,-0.48476659806141364,-0.49041776739375964,1.2258508452548054,0.2668213368056854,0.8885241817201881,0.0486794566379348,-1.4124329962139872,1.1535038703758398,-1.2013860040251463,3.075219873507756,-5.20177728499028,-0.11176894562893125,-0.9708431154483347,8.062573873304814,-2.6425139649670646,1.6771360150277874,-0.04659140964209493,0.0,0.0,0.0,0.0,0.0,0.0,0.0,0.0,0.0,0.0,0.0,0.0,0.0,0.0,0.0,0.0,0.0,0.0,0.0,0.0,0.0,0.0,0.0,0.0,0.0,0.0,0.0,0.0,0.0,0.0,0.0,0.0,0.0,0.0,0.0,0.0,0.0,0.0,0.0,0.0,0.0,0.0,0.0,0.0,0.0,0.0,0.0,0.0,0.0,0.0,0.0,0.0,0.0,0.0,0.0,0.0,0.0,0.0,0.0,0.0,0.0,0.0,0.0,0.0,0.0,0.0,0.0,0.0,0.0,0.0,0.0,0.0,-0.044858031008997434,-0.647977819317435,0.43094143981582955,-1.0,1.0,1.0
0.6543245002377485,0.9828830168343936,0.005800248254204172,0.018949215382959735,0.18316183984411732,0.4521702332902491,0.8533841368489304,-0.5394055096039105,-0.5174108508372128,0.3795799410333811,-0.5212848750358856,-0.5479193524611831,1.1209121694122024,0.07147543940787326,1.003102622179247,-0.4312726398075897,-0.8396015423684938,0.9425943565196042,-0.39350777669333487,-1.1631251343916014,-2.675240579867766,0.5078485698428996,-0.20234241544092973,8.184170326051547,-0.03870889577832473,-0.6155585578525653,-4.149245633843245,0.0,0.0,0.0,0.0,0.0,0.0,0.0,0.0,0.0,0.0,0.0,0.0,0.0,0.0,0.0,0.0,0.0,0.0,0.0,0.0,0.0,0.0,0.0,0.0,0.0,0.0,0.0,0.0,0.0,0.0,0.0,0.0,0.0,0.0,0.0,0.0,0.0,0.0,0.0,0.0,0.0,0.0,0.0,0.0,0.0,0.0,0.0,0.0,0.0,0.0,0.0,0.0,0.0,0.0,0.0,0.0,0.0,0.0,0.0,0.0,0.0,0.0,0.0,0.0,0.0,0.0,0.0,0.0,0.0,0.0,0.0,0.0,0.0,0.0,0.0,0.0,0.0,0.0
0.6228109950534705,0.9835099573450882,-0.03252764197640068,0.036573067736573595,0.1741049310813888,0.47423929217875116,0.6951486002974423,-0.4137480075930052,-0.5218849594062306,0.5646620920771447,-0.7062738361632985,-0.48393908883850256,0.9669534056952837,0.651894484594144,0.9481689820672056,-0.8408132447563637,-1.8864601536158179,0.8471533981188808,-0.44763512724519394,2.0195845415106395,-3.6448362765739097,4.4881850412398485,-0.027611398108941813,-0.8290758732329525,-7.303598518337018,3.0045238584024534,-2.0276084680049875,0.0,0.0,0.0,0.0,0.0,0.0,0.0,0.0,0.0,0.0,0.0,0.0,0.0,0.0,0.0,0.0,0.0,0.0,0.0,0.0,0.0,0.0,0.0,0.0,0.0,0.0,0.0,0.0,0.0,0.0,0.0,0.0,0.0,0.0,0.0,0.0,0.0,0.0,0.0,0.0,0.0,0.0,0.0,0.0,0.0,0.0,0.0,0.0,0.0,0.0,0.0,0.0,0.0,0.0,0.0,0.0,0.0,0.0,0.0,0.0,0.0,0.0,0.0,0.0,0.0,0.0,0.0,0.0,0.0,0.0,0.0,0.0,0.0,0.0,0.0,0.0,0.0,0.0
0.5720032103895275,0.9814222751992104,-0.07186081517935869,0.039496837835196724,0.1734541460605199,0.4609944840892843,0.6525031799838781,-0.12185763936388364,-0.5219509479460133,0.4232958089161605,-1.086879088379935,-0.32589969692959114,0.8823423215561854,0.3212038977398042,0.6589665602247028,-0.7479945761783808,0.5473631327395474,-0.7393276107124898,1.1645541315476469,-2.3844535815571724,1.8704097372859343,7.128316351127038,0.0033209957377466405,-4.810847657593968,-7.9018022725512935,3.298031070559342,-1.3745189162285938,0.0,0.0,0.0,0.0,0.0,0.0,0.0,0.0,0.0,0.0,0.0,0.0,0.0,0.0,0.0,0.0,0.0,0.0,1.0,1.0,1.0,-1.0,-1.0,1.0,0.0,0.0,0.0,0.0,0.0,0.0,0.0,0.0,0.0,0.0,0.0,0.0,0.0,0.0,0.0,0.0,0.0,0.0,0.0,0.0,0.0,0.0,0.0,0.0,0.0,0.0,0.0,0.0,0.0,0.0,0.0,0.0,0.0,0.0,0.0,0.0,0.0,0.0,0.0,0.0,0.0,0.0,0.0,0.0,0.0,0.0,0.0,0.0,0.0,0.0,0.0,0.0,0.0,0.0
0.5698150422932691,0.9765484818984687,-0.010995596705809086,0.027254106800491392,0.21328237859089036,0.28839751294690247,0.8987472938050689,0.36122755173186266,-0.5211793074122237,0.32813695735715326,-1.2715266065785809,-0.17968976515451424,0.952836056784561,-0.6996049871678431,0.6783232662108855,1.7288985537881003,0.7378835570322055,-1.3477240763575287,0.7755526474060175,-4.496527644133154,7.669586782040078,12.188794565920656,0.011306759380000954,0.8966969169541343,0.9678413398745321,2.505523973284533,3.9576781862582853,0.0,0.0,0.0,0.0,0.0,0.0,0.0,0.0,0.0,0.0,0.0,0.0,0.0,0.0,0.0,0.0,0.0,0.0,0.0,0.0,0.0,0.0,0.0,0.0,0.0,0.0,0.0,0.0,0.0,0.0,0.0,0.0,0.0,0.0,0.0,0.0,0.0,0.0,0.0,0.0,0.0,0.0,0.0,0.0,0.0,0.0,0.0,0.0,0.0,0.0,0.0,0.0,0.0,0.0,-1.0,1.0,-1.0,-1.0,0.7718686461977661,1.0,0.0,0.0,0.0,0.0,0.0,0.0,0.0,0.0,0.0,0.0,0.0,0.0,0.0,0.0,0.0,0.0,0.0,0.0
0.6461226927526745,0.9670439878003241,-0.007504701294334006,-0.009483273182118059,0.25432198616612867,0.2503538301676653,1.2932053102562933,0.579724733367195,-0.5222575842137467,0.1882067100450196,-1.18234027941915,0.007830818560965118,1.1413515398241019,-0.27935097051479973,-0.03937901592703405,1.2012878612052162,-1.082109718585702,-1.276536623786342,2.577485876952532,2.930013279453593,2.0489408982704447,-1.3013712207932042,-0.017743812158688876,-6.432084801630944,2.5879978206898357,5.013264914198871,3.6032920339393755,0.0,0.0,0.0,0.0,0.0,0.0,0.0,0.0,0.0,0.0,0.0,0.0,0.0,0.0,0.0,0.0,0.0,0.0,0.0,0.0,0.0,0.0,0.0,0.0,0.0,0.0,0.0,0.0,0.0,0.0,0.0,0.0,0.0,0.0,0.0,0.0,0.0,0.0,0.0,0.0,0.0,0.0,0.0,0.0,0.0,0.0,0.0,0.0,0.0,0.0,0.0,0.0,0.0,0.0,0.0,0.0,0.0,0.0,0.0,0.0,0.0,0.0,0.0,0.0,0.0,0.0,0.0,0.0,0.0,0.0,0.0,0.0,0.0,0.0,0.0,0.0,0.0,0.0
0.6931714746047348,0.9421033976258517,-0.0248912937216,-0.046485774750679255,0.3311505464656858,0.4268485839322133,1.251248644058372,0.4386753946776867,-0.523012848545976,-0.12560238705373578,-1.0076752597958585,0.09579392803326783,1.2448181716328395,-0.2018962524072976,0.08238711761558998,0.6919177441545556,-0.6548462627670353,-1.3861920060279505,3.8197895556228403,4.117092159537152,-0.9737776189788386,-4.310609788571385,-0.005930867900616251,-6.1193406286911,4.38770398246958,-1.449506135366013,-0.3233065488503302,0.0,0.0,0.0,0.0,0.0,0.0,0.0,0.0,0.0,0.0,0.0,0.0,0.0,0.0,0.0,0.0,0.0,0.0,0.0,0.0,0.0,0.0,0.0,0.0,0.0,0.0,0.0,0.0,0.0,0.0,0.0,0.0,0.0,0.0,0.0,0.0,0.0,0.0,0.0,0.0,0.0,0.0,0.0,0.0,0.0,0.0,0.0,0.0,0.0,0.0,0.0,0.0,0.0,0.0,0.0,0.0,0.0,0.0,0.0,0.0,0.0,0.0,0.0,0.0,0.0,0.0,0.0,0.0,0.0,0.0,0.0,0.0,0.0,0.0,0.0,0.0,0.0,0.0
0.7159058828062771,0.9011688058779711,-0.020030360096894337,-0.08007567469057575,0.42553666623419323,0.5563269391315485,1.227591956158872,0.3496486522722773,-0.5618983394311818,-0.4398821677644096,-0.7491738007338637,-0.15292244341820413,1.2061866663137228,-0.4276094373231559,0.46571900921890275,0.20594635746859935,0.3510361553620285,-1.5906412811077402,4.486744763226389,-0.47223037741233254,-0.1631558321605484,0.7028516436651376,-1.5359963500301694,-6.451713178097045,5.936879901494636,-8.441188174731408,-1.2032945541899267,0.0,0.0,0.0,0.0,0.0,0.0,0.0,0.0,0.0,0.0,0.0,0.0,0.0,0.0,0.0,0.0,0.0,0.0,0.0,0.0,0.0,0.0,0.0,0.0,0.0,0.0,0.0,0.0,0.0,0.0,0.0,0.0,0.0,0.0,0.0,0.0,0.0,0.0,0.0,0.0,0.0,0.0,0.0,0.0,0.0,0.0,0.0,0.0,0.0,0.0,0.0,0.0,0.0,0.0,0.0,0.0,0.0,0.0,0.0,0.0,0.0,0.0,0.0,0.0,0.0,0.0,0.0,0.0,0.0,0.0,0.0,0.0,0.0,0.0,0.0,0.0,0.0,0.0
0.7140840085345328,0.8549091546904777,-0.0011099387869767515,-0.10852693545789512,0.5072977523530157,0.531380665414269,1.224637277303542,0.4121424210909887,-0.6577260049863014,-0.5665779116022901,-0.45077598999816565,-0.5018490537029339,1.2124427762165224,-0.7109878658287441,0.36154288521249395,-0.21917255597716218,0.03948542716668024,-0.7577676014719303,2.759596579912448,-0.2727597375895895,-0.012977705278658129,1.7848503133515787,-2.300968342797211,0.9687088730195712,-0.23255710997692347,-5.532719614693602,1.434851866065527,0.0,0.0,0.0,0.0,0.0,0.0,0.0,0.0,0.0,0.0,0.0,0.0,0.0,0.0,0.0,0.0,0.0,0.0,0.0,0.0,0.0,0.0,0.0,0.0,0.0,0.0,0.0,0.0,0.0,0.0,0.0,0.0,0.0,0.0,0.0,0.0,0.0,0.0,0.0,0.0,0.0,0.0,0.0,0.0,0.0,0.0,0.0,0.0,0.0,0.0,0.0,0.0,0.0,0.0,0.0,0.0,0.0,0.0,0.0,0.0,0.0,0.0,0.0,0.0,0.0,0.0,0.0,0.0,0.0,0.0,0.0,0.0,0.0,0.0,0.0,0.0,0.0,0.0
0.6847579309072244,0.8273603612250406,-0.006209918114680829,-0.11415859309830767,0.5499127978256148,0.37260178183529213,1.1098992175280515,0.544752121353054,-0.744790536028486,-0.40137762800949356,-0.5015108035832179,-0.5441191015325044,1.2287291276962755,-0.997091575668457,-0.07220486424453021,-0.9463966469198397,-0.24368972858458787,0.08789039102867251,2.048598177930461,-6.037001112309387,-4.537873703552028,1.31906594094802,-1.1879285028247561,5.577609302934931,-0.6862770352473245,0.5578183692212102,-0.32000173258177866,0.0,0.0,0.0,0.0,0.0,0.0,0.0,0.0,0.0,0.0,0.0,0.0,0.0,0.0,0.0,0.0,0.0,0.0,0.0,0.0,0.0,0.0,0.0,0.0,0.0,0.0,0.0,0.0,0.0,0.0,0.0,0.0,0.0,0.0,0.0,0.0,0.0,0.0,0.0,0.0,0.0,0.0,0.0,0.0,0.0,0.0,0.0,0.0,0.0,0.0,0.0,0.0,0.0,0.0,0.0,0.0,0.0,0.0,0.0,0.0,0.0,0.0,0.0,0.0,0.0,0.0,0.0,0.0,0.0,0.0,0.0,0.0,0.0,0.0,0.0,0.0,0.0,0.0
0.63986506746952,0.8059327071790117,-0.02800019853574062,-0.1037387567459179,0.5821741412411594,0.12404072281229914,0.8014732910109372,0.5276853244165645,-0.6231746833339706,-0.17736921802494146,-0.6649018828574923,-0.3835916528142644,1.1854143430937056,-0.4034113670716868,0.15299675430948317,-1.035982089102329,-0.8467260625884017,0.9801496499610748,1.3348950294732629,-3.9286339625881235,-7.775672932013197,-0.9974207952577501,6.03452474942362,3.403515810173852,-5.80613519548829,5.82043605961865,-1.4047220588895564,0.0,0.0,0.0,0.0,0.0,0.0,0.0,0.0,0.0,0.0,0.0,0.0,0.0,0.0,0.0,0.0,0.0,0.0,0.0,0.0,0.0,0.0,0.0,0.0,0.0,0.0,0.0,0.0,0.0,0.0,0.0,0.0,0.0,0.0,0.0,0.0,0.0,0.0,0.0,0.0,0.0,0.0,0.0,0.0,0.0,0.0,0.0,0.0,0.0,0.0,0.0,0.0,0.0,0.0,0.0,0.0,0.0,0.0,0.0,0.0,0.0,0.0,0.0,0.0,0.0,0.0,0.0,0.0,0.0,0.0,0.0,0.0,0.0,0.0,0.0,0.0,0.0,0.0
0.5783897042346811,0.7786148930199277,-0.07004174026338299,-0.08565955811591411,0.6176693638928769,-0.20568102021663565,0.45325090131025914,0.5288307181898891,-0.47762283853572546,-0.14488751248928694,-1.039358135412313,-0.03391218398574915,1.063123972155166,-0.4405214582922772,0.008142916385758885,-1.2635766314160282,-0.17405941861034868,1.2879615360428696,2.6796792969732284,-9.215333301175201,-0.3141031323136416,-0.01987530268515139,-0.9199193976588244,-2.0675260110866622,-9.135446383906952,8.135661742392278,-3.474929623426237,0.0,0.0,0.0,0.0,0.0,0.0,0.0,0.0,0.0,0.0,0.0,0.0,0.0,0.0,0.0,0.0,0.0,0.0,0.0,0.0,0.0,0.0,0.0,0.0,0.0,0.0,0.0,0.0,0.0,0.0,0.0,0.0,0.0,0.0,0.0,0.0,0.0,0.0,0.0,0.0,0.0,0.0,0.0,0.0,0.0,0.0,0.0,0.0,0.0,0.0,0.0,0.0,0.0,0.0,0.0,0.0,0.0,0.0,0.0,0.0,0.0,0.0,0.0,0.0,0.0,0.0,0.0,0.0,0.0,0.0,0.0,0.0,0.0,0.0,0.0,0.0,0.0,0.0
0.5047733579113401,0.7507376443220971,-0.08474568330257105,-0.055076293945221885,0.6528229165742802,-0.5282400652663912,0.5014303481455543,0.5255033910073018,-0.5120347008116151,-0.16987357287513802,-1.2885634443139105,0.34452791510362546,0.7095724091774139,-0.5879635032730091,0.688640733116614,-1.3416125285654283,0.05910825504570605,1.8881932667471302,0.9309436064415183,-3.2605491730487186,0.7484601982849215,-0.043732409587154214,-0.3278650911713874,1.0177592449293513,1.097108143244456,7.0102034555412285,-10.60243232498168,0.0,0.0,0.0,0.0,0.0,0.0,0.0,0.0,0.0,0.0,0.0,0.0,0.0,0.0,0.0,0.0,0.0,0.0,0.0,0.0,0.0,0.0,0.0,0.0,0.0,0.0,0.0,0.0,0.0,0.0,0.0,0.0,0.0,0.0,0.0,0.0,0.0,0.0,0.0,0.0,0.0,0.0,0.0,0.0,0.0,0.0,0.0,0.0,0.0,0.0,0.0,0.0,0.0,0.0,-1.0,-1.0,-1.0,-1.0,1.0,1.0,0.0,0.0,0.0,0.0,0.0,0.0,0.0,0.0,0.0,0.0,0.0,0.0,0.0,0.0,0.0,0.0,0.0,0.0
0.48364859590921155,0.7471327346832464,-0.09233572864375715,-0.06165953617209224,0.6553357090679581,-0.5358471952426066,0.5562439405958719,0.48388479044813004,-0.5856907974170736,-0.18390160439900136,-1.2047629016083883,0.5070584764111108,0.46029143477642454,-0.4663077407704532,0.47515549706685983,0.191445767350165,-0.7458709186264029,-1.8183109264544752,-0.17389718113420574,0.7558866662074695,1.4446991904625388,-1.6190400628911252,-2.598060589520206,-1.5584456603342418,2.1764826558939525,-0.44959048689434944,1.1918896985855274,0.0,0.0,0.0,0.0,0.0,0.0,0.0,0.0,0.0,0.0,0.0,0.0,0.0,0.0,0.0,0.0,0.0,0.0,1.0,-1.0,-1.0,1.0,-0.1194079192630334,1.0,0.0,0.0,0.0,0.0,0.0,0.0,0.0,0.0,0.0,0.0,0.0,0.0,0.0,0.0,0.0,0.0,0.0,0.0,0.0,0.0,0.0,0.0,0.0,0.0,0.0,0.0,0.0,0.0,0.0,0.0,-1.0,-1.0,0.24555000173984465,-1.0,1.0,1.0,0.0,0.0,0.0,0.0,0.0,0.0,0.0,0.0,0.0,0.0,0.0,0.0,0.0,0.0,0.0,0.0,0.0,0.0
0.4987381437263409,0.7246962900768944,-0.10334766330479894,-0.07328053354749299,0.677321571368593,-0.5239104840417417,0.5054003521233177,0.3511947819246021,-0.6259407011048974,-0.21376240686266476,-0.9659432504119723,0.5400543352932904,0.5428328713784397,-0.06171815836277546,0.3924990331262133,0.24102355751067212,-0.30249350886833104,0.478868735977339,2.481707959715943,0.003873657989435869,-1.1145057715384756,-3.7110448238341154,0.9141056825672266,0.3484580801744698,7.360462719912507,-0.2080412045338818,2.076765576404757,0.0,0.0,0.0,0.0,0.0,0.0,0.0,0.0,0.0,0.0,0.0,0.0,0.0,0.0,0.0,0.0,0.0,0.0,0.0,0.0,0.0,0.0,0.0,0.0,0.0,0.0,0.0,0.0,0.0,0.0,0.0,0.0,0.0,0.0,0.0,0.0,-1.0,0.23327125216812106,1.0,1.0,-1.0,1.0,0.0,0.0,0.0,0.0,0.0,0.0,0.0,0.0,0.0,0.0,0.0,0.0,0.0,0.0,0.0,0.0,0.0,0.0,0.0,0.0,0.0,0.0,0.0,0.0,0.0,0.0,0.0,0.0,0.0,0.0,0.0,0.0,0.0,0.0,0.0,0.0
0.5371683977608175,0.6946665618285277,-0.09153694680490129,-0.05481650809664127,0.7113750808729957,-0.49884082258142126,0.5799372640120621,0.08626093707048,-0.6763377145415411,-0.05930370234653433,-0.61164794239945,0.5291909020081762,0.594331110776672,1.033457687386632,0.0557560194699524,1.3165340016760374,2.057863029693842,-0.5135221165193741,1.284651896183349,1.0051170800930396,3.9249535981719266,-6.856073405478086,-2.893322014376447,5.778513484307289,6.820270859171065,-0.11879982018148627,-0.00011055837069423591,0.0,0.0,0.0,0.0,0.0,0.0,0.0,0.0,0.0,0.0,0.0,0.0,0.0,0.0,0.0,0.0,0.0,0.0,0.0,0.0,0.0,0.0,0.0,0.0,0.0,0.0,0.0,0.0,0.0,0.0,0.0,0.0,0.0,0.0,0.0,0.0,0.0,0.0,0.0,0.0,0.0,0.0,0.0,0.0,0.0,0.0,0.0,0.0,0.0,0.0,0.0,0.0,0.0,0.0,0.0,0.0,0.0,0.0,0.0,0.0,0.0,0.0,0.0,0.0,0.0,0.0,0.0,0.0,0.0,0.0,0.0,0.0,0.0,0.0,0.0,0.0,0.0,0.0
0.5921188387840018,0.6919243834499641,-0.06723882632722981,-0.02693778328473578,0.7183271842644058,-0.41688605881764734,0.7302132387926175,-0.11095240859874161,-0.8108016231766014,0.35860490589781696,-0.48739180518619707,0.5138801233681891,0.557948195716126,0.8074879435620566,-0.08249100013647667,0.8918594337330437,0.9815763869064875,0.5232645058217933,-0.54554898971427,2.2607451775723844,2.102692544319079,-1.0812660571935024,-2.4878018492024636,10.898937584146731,-0.829612777651779,-0.49213449460531344,-1.4426003021698608,0.0,0.0,0.0,0.0,0.0,0.0,0.0,0.0,0.0,0.0,0.0,0.0,0.0,0.0,0.0,0.0,0.0,0.0,0.0,0.0,0.0,0.0,0.0,0.0,0.0,0.0,0.0,0.0,0.0,0.0,0.0,0.0,0.0,0.0,0.0,0.0,0.0,0.0,0.0,0.0,0.0,0.0,0.0,0.0,0.0,0.0,0.0,0.0,0.0,0.0,0.0,0.0,0.0,0.0,0.0,0.0,0.0,0.0,0.0,0.0,0.0,0.0,0.0,0.0,0.0,0.0,0.0,0.0,0.0,0.0,0.0,0.0,0.0,0.0,0.0,0.0,0.0,0.0
0.6225569163260707,0.6856139412908336,-0.06608875174859961,-0.0037453077555940836,0.7249494969098043,-0.33952219900259556,0.672312946255886,-0.030511737528014664,-0.9611337275137738,0.591093421484158,-0.540491883899365,0.43343192484654,0.5131153957659121,0.8082097702399211,0.5119406494139419,0.3108063211274256,0.43509479493006825,0.5831575555353359,1.3674137594232882,0.843485237554866,-4.364064662328855,4.263683606012835,-3.515310210991802,-1.5816720195740346,-1.2974231351580268,-2.709780841773873,0.08808195451506551,0.0,0.0,0.0,0.0,0.0,0.0,0.0,0.0,0.0,0.0,0.0,0.0,0.0,0.0,0.0,0.0,0.0,0.0,0.0,0.0,0.0,0.0,0.0,0.0,0.0,0.0,0.0,0.0,0.0,0.0,0.0,0.0,0.0,0.0,0.0,0.0,0.0,0.0,0.0,0.0,0.0,0.0,0.0,0.0,0.0,0.0,0.0,0.0,0.0,0.0,0.0,0.0,0.0,0.0,0.0,0.0,0.0,0.0,0.0,0.0,0.0,0.0,0.0,0.0,0.0,0.0,0.0,0.0,0.0,0.0,0.0,0.0,0.0,0.0,0.0,0.0,0.0,0.0
0.6251086830562086,0.6433196961256854,-0.07013458278668198,0.016186359735195426,0.7622066062640874,-0.3934800880231481,0.4706186206605118,0.048977151839309174,-1.0781719048524598,0.5053646216905555,-0.6009090588963107,0.20773722514751997,0.520635064668142,0.7530688948455296,0.39137641360528413,-0.14501484275134396,0.6061813878554424,0.08061239805377354,3.1936438801636067,-2.9672225374370367,0.28414079901125433,-1.037659559270054,-1.186007219954747,-1.8378995066637303,-1.113269879900722,-6.290875337183273,0.09206292221909715,0.0,0.0,0.0,0.0,0.0,0.0,0.0,0.0,0.0,0.0,0.0,0.0,0.0,0.0,0.0,0.0,0.0,0.0,0.0,0.0,0.0,0.0,0.0,0.0,0.0,0.0,0.0,0.0,0.0,0.0,0.0,0.0,0.0,0.0,0.0,0.0,0.0,0.0,0.0,0.0,0.0,0.0,0.0,0.0,0.0,0.0,0.0,0.0,0.0,0.0,0.0,0.0,0.0,0.0,0.0,0.0,0.0,0.0,0.0,0.0,0.0,0.0,0.0,0.0,0.0,0.0,0.0,0.0,0.0,0.0,0.0,0.0,0.0,0.0,0.0,0.0,0.0,0.0
0.6086091827172712,0.594129658909857,-0.05386932742109276,0.03032266634212989,0.8019903863967205,-0.5587851200793286,0.6181010444810116,0.13827146274618438,-1.0950106490990617,0.5433128574093323,-0.74133133226061,-0.11417483376662349,0.5216535399184612,0.6620134613918914,0.5635100291390415,-0.5433545433912048,0.6097810854990628,-0.6662553112342695,1.896443130895737,-0.21524297924374292,5.572152409383884,4.56332714256558,0.5081416369848961,0.16351262739495231,-4.47789871158064,-6.580532269578127,-0.001968634824587682,0.0,0.0,0.0,0.0,0.0,0.0,0.0,0.0,0.0,0.0,0.0,0.0,0.0,0.0,0.0,0.0,0.0,0.0,0.0,0.0,0.0,0.0,0.0,0.0,0.0,0.0,0.0,0.0,0.0,0.0,0.0,0.0,0.0,0.0,0.0,0.0,0.0,0.0,0.0,0.0,0.0,0.0,0.0,0.0,0.0,0.0,0.0,0.0,0.0,0.0,0.0,0.0,0.0,0.0,0.0,0.0,0.0,0.0,0.0,0.0,0.0,0.0,0.0,0.0,0.0,0.0,0.0,0.0,0.0,0.0,0.0,0.0,0.0,0.0,0.0,0.0,0.0,0.0
0.571229801980753,0.544095834175873,-0.012655978617600943,0.02421712941308484,0.8385780107304761,-0.5358999051669138,0.9475387163714706,0.21276613623295265,-1.0735921717786006,0.5105015811224027,-0.7853949556468941,-0.5665343235025142,0.704391463131177,0.9637186052845337,0.6170011512472521,-0.7590051210462481,1.0434374812185236,-3.6667700490632473,1.9194285998967116,0.36877583671521497,7.498550093377933,-1.50167588934779,0.3560268095201963,-1.2940724324788309,2.6683384019913405,-4.742199701908315,7.252654473649869,0.0,0.0,0.0,0.0,0.0,0.0,0.0,0.0,0.0,0.0,0.0,0.0,0.0,0.0,0.0,0.0,0.0,0.0,1.0,1.0,-1.0,-1.0,1.0,1.0,0.0,0.0,0.0,0.0,0.0,0.0,0.0,0.0,0.0,0.0,0.0,0.0,0.0,0.0,0.0,0.0,0.0,0.0,0.0,0.0,0.0,0.0,0.0,0.0,0.0,0.0,0.0,0.0,0.0,0.0,0.0,0.0,0.0,0.0,0.0,0.0,0.0,0.0,0.0,0.0,0.0,0.0,0.0,0.0,0.0,0.0,0.0,0.0,0.0,0.0,0.0,0.0,0.0,0.0
0.5556555030594809,0.5214449482672986,0.030870889423599716,0.02341271438287511,0.8524048327631284,-0.42027179359361805,1.1325191803105719,0.07467831827798069,-1.0896957990771108,0.535894362815651,-0.4996026487082646,-0.5559126813162515,0.871746312844583,1.0492448987489877,-0.4085633492339745,0.6655647976179037,-0.26844045990970616,0.25428171721470766,0.8677818053766171,4.1618868631717145,-0.03510109365242342,-4.016851868841427,-0.9360110546478202,0.25915720856083935,4.517798830622461,1.0118560661568516,-0.44263035458700384,0.0,0.0,0.0,0.0,0.0,0.0,0.0,0.0,0.0,0.0,0.0,0.0,0.0,0.0,0.0,0.0,0.0,0.0,0.0,0.0,0.0,0.0,0.0,0.0,0.0,0.0,0.0,0.0,0.0,0.0,0.0,0.0,0.0,0.0,0.0,0.0,-1.0,1.0,-0.07109113634974162,-0.8860839525491512,-1.0,1.0,0.0,0.0,0.0,0.0,0.0,0.0,0.0,0.0,0.0,0.0,0.0,0.0,0.0,0.0,0.0,0.0,0.0,0.0,0.0,0.0,0.0,0.0,0.0,0.0,0.0,0.0,0.0,0.0,0.0,0.0,1.0,-1.0,1.0,-1.0,-1.0,1.0
0.581666273475082,0.5020532097903466,0.010742149480899531,0.010920851929263658,0.864701055716298,-0.182214417471807,1.0515207782145777,-0.10232648197765122,-0.9726991702349876,0.5302907847667261,-0.503412046842889,-0.5302082960214118,0.7513149855605168,1.016558354966564,-0.22854743269575295,0.23316622443762783,-1.061496426973536,0.4585044739482409,0.8299137952455515,5.349286921696909,-3.177710172310791,-3.062107723354336,5.570242785464605,-0.1273480214326684,-1.3860466234600584,0.185788447740114,-4.355211507740819,0.0,0.0,0.0,0.0,0.0,0.0,0.0,0.0,0.0,0.0,0.0,0.0,0.0,0.0,0.0,0.0,0.0,0.0,0.0,0.0,0.0,0.0,0.0,0.0,0.0,0.0,0.0,0.0,0.0,0.0,0.0,0.0,0.0,0.0,0.0,0.0,0.0,0.0,0.0,0.0,0.0,0.0,0.0,0.0,0.0,0.0,0.0,0.0,0.0,0.0,0.0,0.0,0.0,0.0,0.0,0.0,0.0,0.0,0.0,0.0,0.0,0.0,0.0,0.0,0.0,0.0,0.0,0.0,0.0,0.0,0.0,0.0,0.0,0.0,0.0,0.0,0.0,0.0
0.5783492537387641,0.4727072217600151,-0.009377527705246785,-0.009405127195734043,0.8811194516366656,-0.1039761395048803,0.8811621551441862,-0.274858114068821,-0.5974927170261297,0.5256823939050155,-0.5227632005392385,-0.5253482116617867,0.5659570705554032,1.013740328736962,-0.5137260972471047,-0.3652676498204131,-1.2470174049922333,0.21921646579227866,1.8904369222062405,-2.1540179136816118,-3.631880440181208,-3.834897486371171,9.407218836752568,-0.04309853920551117,-0.014818672344130396,0.03612211947759725,-3.0689395104019828,0.0,0.0,0.0,0.0,0.0,0.0,0.0,0.0,0.0,0.0,0.0,0.0,0.0,0.0,0.0,0.0,0.0,0.0,0.0,0.0,0.0,0.0,0.0,0.0,0.0,0.0,0.0,0.0,0.0,0.0,0.0,0.0,0.0,0.0,0.0,0.0,0.0,0.0,0.0,0.0,0.0,0.0,0.0,0.0,0.0,0.0,0.0,0.0,0.0,0.0,0.0,0.0,0.0,0.0,0.0,0.0,0.0,0.0,0.0,0.0,0.0,0.0,0.0,0.0,0.0,0.0,0.0,0.0,0.0,0.0,0.0,0.0,0.0,0.0,0.0,0.0,0.0,0.0
0.5591470063924285,0.4498721380818016,-0.036282629654255855,-0.023672909714482146,0.8920416041355533,-0.11872088528808142,0.7559503435975675,-0.27967504591085857,-0.4755610534475357,0.5255833690663662,-0.673043121107616,-0.5245222271123253,0.5061954551016257,0.7075764191461339,-0.21741345867554585,-0.4773859503993604,-1.0169105890437136,0.7663759467075258,0.17124524775601013,1.5363937435554742,-1.3946751248836686,3.5781331447281177,-1.3637874287712852,0.006294765275428969,-5.947800268008432,0.005194673993603934,0.38347861321831045,0.0,0.0,0.0,0.0,0.0,0.0,0.0,0.0,0.0,0.0,0.0,0.0,0.0,0.0,0.0,0.0,0.0,0.0,0.0,0.0,0.0,0.0,0.0,0.0,0.0,0.0,0.0,0.0,0.0,0.0,0.0,0.0,0.0,0.0,0.0,0.0,0.0,0.0,0.0,0.0,0.0,0.0,0.0,0.0,0.0,0.0,0.0,0.0,0.0,0.0,0.0,0.0,0.0,0.0,0.0,0.0,0.0,0.0,0.0,0.0,0.0,0.0,0.0,0.0,0.0,0.0,0.0,0.0,0.0,0.0,0.0,0.0,0.0,0.0,0.0,0.0,0.0,0.0
0.5339508062914874,0.4587644610964991,0.003856444983033988,-0.05356856046014868,0.8869333156428165,0.04730563128910251,0.8220023304573134,-0.15229257608284275,-0.5132508586268039,0.44195407911384,-0.9308916165812334,-0.5250089047106704,0.5195561044877561,0.8562508426774493,0.11243853459773298,-0.6270640926229133,0.10604030526780996,-3.319886868270547,-0.6946973640337553,5.127495925502203,4.015959696678879,1.5130964639518902,-0.2942454868572674,-3.334644565978372,-4.386919108626022,-0.007952888162251773,0.12219361661858202,0.0,0.0,0.0,0.0,0.0,0.0,0.0,0.0,0.0,0.0,0.0,0.0,0.0,0.0,0.0,0.0,0.0,0.0,0.0,0.0,0.0,0.0,0.0,0.0,0.0,0.0,0.0,0.0,0.0,0.0,0.0,0.0,0.0,0.0,0.0,0.0,0.0,0.0,0.0,0.0,0.0,0.0,0.0,0.0,0.0,0.0,0.0,0.0,0.0,0.0,0.0,0.0,0.0,0.0,0.0,0.0,0.0,0.0,0.0,0.0,0.0,0.0,0.0,0.0,0.0,0.0,0.0,0.0,0.0,0.0,0.0,0.0,0.0,0.0,0.0,0.0,0.0,0.0
0.5566235518679973,0.44468817581075254,0.04162840939354654,-0.07812063190470721,0.8913005490272506,0.2111827252544054,0.9628964756994144,-0.24460984570646196,-0.5491278081252039,0.3027805375217888,-1.0733399971964115,-0.5245232130444953,0.5225878113034766,1.0341785394823106,-0.05556997744542109,1.422609169560571,0.3075890865031934,-0.1973508228367824,1.7258270838823868,1.452758455655339,1.65756778842675,-5.115189643012153,-1.1367380335834183,-2.2667372027945203,-1.383694270417012,0.008534441419651187,0.02094979800234251,0.0,0.0,0.0,0.0,0.0,0.0,0.0,0.0,0.0,0.0,0.0,0.0,0.0,0.0,0.0,0.0,0.0,0.0,0.0,0.0,0.0,0.0,0.0,0.0,0.0,0.0,0.0,0.0,0.0,0.0,0.0,0.0,0.0,0.0,0.0,0.0,0.0,0.0,0.0,0.0,0.0,0.0,0.0,0.0,0.0,0.0,0.0,0.0,0.0,0.0,0.0,0.0,0.0,0.0,-0.24552939755694647,-0.9505521825676557,-0.6422322503616154,-1.0,-1.0,1.0,0.0,0.0,0.0,0.0,0.0,0.0,0.0,0.0,0.0,0.0,0.0,0.0,0.0,0.0,0.0,0.0,0.0,0.0
0.6164641529901261,0.41031142014939004,0.03955702567619994,-0.061653258005532084,0.9089987106657234,0.16011396005917508,0.9782164154930154,-0.3664816199440185,-0.7880584665837382,0.216500115431926,-1.107173513216098,-0.5241378851575036,0.5221312151201858,0.8170675323703722,-0.223125334897609,0.9656250123129376,1.0078616258561,0.6857872070049478,1.3365287344244992,-3.455889880309298,-1.022299975978342,0.20008093081522316,-8.359717160391943,-1.193929401922678,0.018663665156388898,0.0022561725205676388,-0.010255298877950084,0.0,0.0,0.0,0.0,0.0,0.0,0.0,0.0,0.0,0.0,0.0,0.0,0.0,0.0,0.0,0.0,0.0,0.0,0.0,0.0,0.0,0.0,0.0,0.0,0.0,0.0,0.0,0.0,0.0,0.0,0.0,0.0,0.0,0.0,0.0,0.0,0.0,0.0,0.0,0.0,0.0,0.0,0.0,0.0,0.0,0.0,0.0,0.0,0.0,0.0,0.0,0.0,0.0,0.0,0.0,0.0,0.0,0.0,0.0,0.0,0.0,0.0,0.0,0.0,0.0,0.0,0.0,0.0,0.0,0.0,0.0,0.0,0.0,0.0,0.0,0.0,0.0,0.0
0.6616576229501648,0.38081743883307023,0.04002861007629111,-0.00668081900026587,0.9237592518148156,-0.010323518819107154,0.944133003164162,-0.32995119772478354,-1.166073794939832,0.08554399410201646,-0.9227953055694069,-0.5241295487686515,0.6943573613669098,0.6599911614869912,-0.14832970766189044,0.7156925115002808,2.5111486138313257,0.40492501191943403,1.3112967915917462,-3.3590425142369074,-0.3510608568142478,1.2642900226561935,-6.830048475232231,-4.029211244443408,7.293921065030109,-0.0004649785530082336,6.854519622675516,0.0,0.0,0.0,0.0,0.0,0.0,0.0,0.0,0.0,0.0,0.0,0.0,0.0,0.0,0.0,0.0,0.0,0.0,0.0,0.0,0.0,0.0,0.0,0.0,0.0,0.0,0.0,0.0,0.0,0.0,0.0,0.0,0.0,0.0,0.0,0.0,0.0,0.0,0.0,0.0,0.0,0.0,0.0,0.0,0.0,0.0,0.0,0.0,0.0,0.0,0.0,0.0,0.0,0.0,0.0,0.0,0.0,0.0,0.0,0.0,0.0,0.0,0.0,0.0,0.0,0.0,0.0,0.0,0.0,0.0,0.0,0.0,0.0,0.0,0.0,0.0,0.0,0.0
0.6803912805460455,0.3389521277865436,0.06244159056387462,0.05244215081472311,0.9372632093786434,-0.3456010631208262,0.9173097541630201,-0.29175011169195625,-1.266954940924828,-0.036686824418933735,-0.47903699561790924,-0.5249508874211941,1.1006920177121775,0.7446034207158597,-0.31583631451273586,0.0845884776788146,2.754046435415793,0.015154155374218714,1.891841586612403,-9.995045362822543,-0.7261533842158459,0.26981552249622365,1.1078384673034039,-0.8893785109991985,8.412090532021034,-0.00790720101242895,9.375739766734947,0.0,0.0,0.0,0.0,0.0,0.0,0.0,0.0,0.0,0.0,0.0,0.0,0.0,0.0,0.0,0.0,0.0,0.0,0.0,0.0,0.0,0.0,0.0,0.0,0.0,0.0,0.0,0.0,0.0,0.0,0.0,0.0,0.0,0.0,0.0,0.0,0.0,0.0,0.0,0.0,0.0,0.0,0.0,0.0,0.0,0.0,0.0,0.0,0.0,0.0,0.0,0.0,0.0,0.0,0.0,0.0,0.0,0.0,0.0,0.0,0.0,0.0,0.0,0.0,0.0,0.0,0.0,0.0,0.0,0.0,0.0,0.0,0.0,0.0,0.0,0.0,0.0,0.0
0.6932860210763044,0.3095295214937344,0.07682754170897989,0.05844073582435752,0.9459776342784872,-0.5832796838245139,0.8602289251653974,-0.2968637198328612,-1.1899178172413452,-0.02231888277287121,-0.47854670589122483,-0.5246213308465397,1.2726936690709398,0.814597439890773,-0.36301220352243696,0.2201103339532052,-0.25289804904837854,-0.7697088453931574,0.5503429540211364,1.1089896431171118,-1.5344386734749655,-0.46100373084931434,1.9519298939697467,1.4535298045954428,-1.8564601823129918,0.0058455182061301824,-1.1628923764067776,0.0,0.0,0.0,0.0,0.0,0.0,0.0,0.0,0.0,0.0,0.0,0.0,0.0,0.0,0.0,0.0,0.0,0.0,0.0,0.0,0.0,0.0,0.0,0.0,0.0,0.0,0.0,0.0,0.0,0.0,0.0,0.0,0.0,0.0,0.0,0.0,0.0,0.0,0.0,0.0,0.0,0.0,0.0,0.0,0.0,0.0,0.0,0.0,0.0,0.0,0.0,0.0,0.0,0.0,0.0,0.0,0.0,0.0,0.0,0.0,0.0,0.0,0.0,0.0,0.0,0.0,0.0,0.0,0.0,0.0,0.0,0.0,0.0,0.0,0.0,0.0,0.0,0.0
0.6945622861417761,0.2975083851823538,0.09943828651392579,0.04372867658055479,0.9485191567732709,-0.5373815847122236,0.9108809594686357,-0.3125197021329833,-1.101485978993736,0.03065299547856098,-0.6213648912185465,-0.5240352058775699,1.2337338667443711,0.7979394360686449,-0.31643612391928344,-0.17044874065953686,-0.217903022411449,-1.233550120214269,0.6619663886417552,0.4580964795882573,3.5187383431546655,-0.1685906590513827,1.5880244733779512,0.6702620119802541,-3.8396219787147916,0.005792413508006302,-0.3487189765508317,0.0,0.0,0.0,0.0,0.0,0.0,0.0,0.0,0.0,0.0,0.0,0.0,0.0,0.0,0.0,0.0,0.0,0.0,0.0,0.0,0.0,0.0,0.0,0.0,0.0,0.0,0.0,0.0,0.0,0.0,0.0,0.0,0.0,0.0,0.0,0.0,0.0,0.0,0.0,0.0,0.0,0.0,0.0,0.0,0.0,0.0,0.0,0.0,0.0,0.0,0.0,0.0,0.0,0.0,0.0,0.0,0.0,0.0,0.0,0.0,0.0,0.0,0.0,0.0,0.0,0.0,0.0,0.0,0.0,0.0,0.0,0.0,0.0,0.0,0.0,0.0,0.0,0.0
0.6763460724967689,0.30791148554178954,0.10559542946110292,0.028670304665865835,0.9451021828240276,-0.5268060781545693,0.9942023682183155,-0.246864580124137,-0.9538778735625952,0.20742224743329724,-0.789373094610395,-0.5250046194622272,1.2240279471468942,0.6715141543053437,-0.747166070379153,-0.3966930517829079,-1.4738979905692107,1.5641155962734978,-2.00991939868348,0.06900040090710072,-0.17038581776670825,2.7772146288440553,4.28772493809631,6.29599938681893,-2.8509690619216284,-0.00891462429450441,-0.07614777119583954,0.0,0.0,0.0,0.0,0.0,0.0,0.0,0.0,0.0,0.0,0.0,0.0,0.0,0.0,0.0,0.0,0.0,0.0,0.0,0.0,0.0,0.0,0.0,0.0,0.0,0.0,0.0,0.0,0.0,0.0,0.0,0.0,0.0,0.0,0.0,0.0,0.0,0.0,0.0,0.0,0.0,0.0,0.0,0.0,0.0,0.0,0.0,0.0,0.0,0.0,0.0,0.0,0.0,0.0,-1.0,-1.0,-1.0,1.0,-1.0,1.0,0.0,0.0,0.0,0.0,0.0,0.0,0.0,0.0,0.0,0.0,0.0,0.0,0.0,0.0,0.0,0.0,0.0,0.0
0.6467200641966798,0.35744161673428065,0.039762948771686873,0.003275816060793642,0.9330828835427758,-0.5243491276196841,1.0469754313648376,-0.14669035168748232,-0.7806750888537362,0.5187674776856284,-1.1109369316092432,-0.40680915625878333,1.1907559206106586,0.9210368991208677,-0.6582019333133409,-0.6890207770390074,-3.6620779102624894,3.0185381052742146,-1.6408058830528347,0.022786261172315685,2.2500552074253752,1.2257718484736575,2.663149122156669,6.173917404137666,-9.878799097063958,4.69572725428609,-1.2347997563922575,0.0,0.0,0.0,0.0,0.0,0.0,0.0,0.0,0.0,0.0,0.0,0.0,0.0,0.0,0.0,0.0,0.0,0.0,0.0,0.0,0.0,0.0,0.0,0.0,0.0,0.0,0.0,0.0,0.0,0.0,0.0,0.0,0.0,0.0,0.0,0.0,0.0,0.0,0.0,0.0,0.0,0.0,0.0,0.0,0.0,0.0,0.0,0.0,0.0,0.0,0.0,0.0,0.0,0.0,0.0,0.0,0.0,0.0,0.0,0.0,0.0,0.0,0.0,0.0,0.0,0.0,0.0,0.0,0.0,0.0,0.0,0.0,0.0,0.0,0.0,0.0,0.0,0.0
0.6068335241445985,0.3919263352711508,0.008221110913441217,-0.05275652688838312,0.9184459210682746,-0.3521783002466901,1.2856851389076533,-0.1925008834240436,-0.6328642755608896,0.5148915536931012,-1.2754355553203736,-0.1643355370388867,1.0833639875444308,1.2079758389921034,-0.28960408306171925,-0.5577464967140882,-0.7764456515556326,-3.7642528476206616,-1.8540591513781277,6.788047092508556,1.468281569047603,-3.0084021725992365,3.246118597442828,-3.716089041340742,1.3588548614702851,5.014500659726812,-3.0364999860495208,0.0,0.0,0.0,0.0,0.0,0.0,0.0,0.0,0.0,0.0,0.0,0.0,0.0,0.0,0.0,0.0,0.0,0.0,1.0,1.0,-0.5369667655040176,1.0,-1.0,1.0,0.0,0.0,0.0,0.0,0.0,0.0,0.0,0.0,0.0,0.0,0.0,0.0,0.0,0.0,0.0,0.0,0.0,0.0,0.0,0.0,0.0,0.0,0.0,0.0,0.0,0.0,0.0,0.0,0.0,0.0,0.0,0.0,0.0,0.0,0.0,0.0,0.0,0.0,0.0,0.0,0.0,0.0,0.0,0.0,0.0,0.0,0.0,0.0,0.0,0.0,0.0,0.0,0.0,0.0
0.5930855829598993,0.40927945815146555,0.055156899055270235,-0.1046165966727293,0.9047117824602855,-0.01646886963530167,1.2036569924083633,-0.3546540159213326,-0.5571233890338156,0.15448322153679445,-1.0412519480969815,0.2452508490131507,0.7941464506383153,1.1701423093348076,0.03704251481921708,0.14037968971690867,-0.2685215358236335,-0.03927435702108695,0.5422296578850325,6.618245756450484,-3.6197542183843647,-3.396761355980207,-0.10702103600507051,-10.647929097096577,7.973504385206809,11.2877955473981,-8.52031780018706,0.0,0.0,0.0,0.0,0.0,0.0,0.0,0.0,0.0,0.0,0.0,0.0,0.0,0.0,0.0,0.0,0.0,0.0,0.0,0.0,0.0,0.0,0.0,0.0,0.0,0.0,0.0,0.0,0.0,0.0,0.0,0.0,0.0,0.0,0.0,0.0,-1.0,1.0,1.0,1.0,-1.0,1.0,0.0,0.0,0.0,0.0,0.0,0.0,0.0,0.0,0.0,0.0,0.0,0.0,0.0,0.0,0.0,0.0,0.0,0.0,0.0,0.0,0.0,0.0,0.0,0.0,0.0,0.0,0.0,0.0,0.0,0.0,0.0,0.0,0.0,0.0,0.0,0.0
0.5920832762672079,0.38123843116231815,0.03625463509568562,-0.12033113455857766,0.9158947964121319,0.29380858455368497,0.8432226822305644,-0.57159833796448,-0.501644547084436,-0.32972056391156185,-0.8348816070517678,0.5688762948110148,0.44090319717878884,0.73303679174287,0.20332832386804522,0.04648056083555474,-0.40922575823269713,0.01171796485429421,0.831961071385874,5.828260662692229,-10.716916666579026,-1.1992449720210572,-0.25423256452738185,-8.710570204127272,0.3592398985551375,0.0978019269198529,0.366238303995186,0.0,0.0,0.0,0.0,0.0,0.0,0.0,0.0,0.0,0.0,0.0,0.0,0.0,0.0,0.0,0.0,0.0,0.0,0.0,0.0,0.0,0.0,0.0,0.0,0.0,0.0,0.0,0.0,0.0,0.0,0.0,0.0,0.0,0.0,0.0,0.0,0.0,0.0,0.0,0.0,0.0,0.0,0.0,0.0,0.0,0.0,0.0,0.0,0.0,0.0,0.0,0.0,0.0,0.0,0.0,0.0,0.0,0.0,0.0,0.0,0.0,0.0,0.0,0.0,0.0,0.0,0.0,0.0,0.0,0.0,0.0,0.0,0.0,0.0,0.0,0.0,0.0,0.0
0.597749325207737,0.3962297248258223,0.027224308564164693,-0.0919848925592529,0.9131262901310644,0.5617540849655598,0.48256124860638283,-0.5441430219689756,-0.5980273847608362,-0.5781434156876181,-0.9976243688406411,0.5384083896454517,0.6159540595877604,0.5294439307199282,-0.3669080890301207,0.31806254672601086,0.5594412259627182,3.2638936640843514,-0.6980901750303065,1.4000980730108017,-0.6253344064438799,0.6115557757022528,-3.622227585205081,0.7589179836952222,-6.721241713846203,-0.4559745150299863,6.48488177048656,0.0,0.0,0.0,0.0,0.0,0.0,0.0,0.0,0.0,0.0,0.0,0.0,0.0,0.0,0.0,0.0,0.0,0.0,0.0,0.0,0.0,0.0,0.0,0.0,0.0,0.0,0.0,0.0,0.0,0.0,0.0,0.0,0.0,0.0,0.0,0.0,0.0,0.0,0.0,0.0,0.0,0.0,0.0,0.0,0.0,0.0,0.0,0.0,0.0,0.0,0.0,0.0,0.0,0.0,-1.0,-1.0,-0.3495754022152322,1.0,-1.0,1.0,0.0,0.0,0.0,0.0,0.0,0.0,0.0,0.0,0.0,0.0,0.0,0.0,0.0,0.0,0.0,0.0,0.0,0.0
0.5982761793611355,0.41066321997814764,-0.04596895117449973,-0.038531797446712,0.9098120002894131,0.5406349769150158,0.508993956934653,-0.5281613111096068,-0.7535606690055703,-0.5366687024760168,-1.2656071056312796,0.520106820920609,0.8466069924543735,0.5337961674634225,-0.3010013847236539,-0.3379885353740687,0.9653551251023705,3.4574696338199358,-0.2196844544286978,-0.5568150826831091,0.49294070439021587,0.11890244713401617,-2.6038959874333427,0.4579367324978052,-1.081882033736338,-0.2729135034043164,2.7782747562389867,0.0,0.0,0.0,0.0,0.0,0.0,0.0,0.0,0.0,0.0,0.0,0.0,0.0,0.0,0.0,0.0,0.0,0.0,0.0,0.0,0.0,0.0,0.0,0.0,0.0,0.0,0.0,0.0,0.0,0.0,0.0,0.0,0.0,0.0,0.0,0.0,0.0,0.0,0.0,0.0,0.0,0.0,0.0,0.0,0.0,0.0,0.0,0.0,0.0,0.0,0.0,0.0,0.0,0.0,0.0,0.0,0.0,0.0,0.0,0.0,0.0,0.0,0.0,0.0,0.0,0.0,0.0,0.0,0.0,0.0,0.0,0.0,0.0,0.0,0.0,0.0,0.0,0.0
0.5823247294002712,0.39939009764279443,-0.0844392085996912,0.004065457071122134,0.9128751513842085,0.4746711368878599,0.5405117168706356,-0.5260539927576553,-0.885434299761843,-0.5263997908277488,-1.2401720833859262,0.3799603523794736,0.799778318566312,0.34802363613989407,-1.3575016700625853,0.02602367758574979,0.24482103781790396,-0.04785830522475365,1.3995870668053054,-2.0756271139875744,0.767912753659862,0.008731843129583548,-2.6658365241821147,0.06467086873620666,0.5610907430483544,-5.2623212521033516,-4.548181123692814,0.0,0.0,0.0,0.0,0.0,0.0,0.0,0.0,0.0,0.0,0.0,0.0,0.0,0.0,0.0,0.0,0.0,0.0,0.0,0.0,0.0,0.0,0.0,0.0,0.0,0.0,0.0,0.0,0.0,0.0,0.0,0.0,0.0,0.0,0.0,0.0,0.0,0.0,0.0,0.0,0.0,0.0,0.0,0.0,0.0,0.0,0.0,0.0,0.0,0.0,0.0,0.0,0.0,0.0,0.0,0.0,0.0,0.0,0.0,0.0,0.0,0.0,0.0,0.0,0.0,0.0,0.0,0.0,0.0,0.0,0.0,0.0,1.0,0.07487737891989799,-0.6654765326228503,1.0,-1.0,1.0
0.5703750757923487,0.3690473141781846,-0.06497525790862685,-0.005825427961155988,0.9271183096814812,0.42661332452874123,0.5207331064701183,-0.5089361599320649,-0.9311109897491748,-0.5251633377893057,-1.0293412306534357,0.13909119449549404,0.7294070933267861,0.25830777314112796,-1.1373157493590764,-0.5100035338427484,-0.5025153606439988,-1.738539332002941,1.1242203209599062,0.1364092856315816,-1.200479156889496,0.6714879299886327,0.8091790344287065,0.006072326601816561,7.8120231595736325,-4.38548496261947,1.6843278505999868,0.0,0.0,0.0,0.0,0.0,0.0,0.0,0.0,0.0,0.0,0.0,0.0,0.0,0.0,0.0,0.0,0.0,0.0,0.0,0.0,0.0,0.0,0.0,0.0,0.0,0.0,0.0,0.0,0.0,0.0,0.0,0.0,0.0,0.0,0.0,0.0,0.0,0.0,0.0,0.0,0.0,0.0,0.0,0.0,0.0,0.0,0.0,0.0,0.0,0.0,0.0,0.0,0.0,0.0,0.0,0.0,0.0,0.0,0.0,0.0,0.0,0.0,0.0,0.0,0.0,0.0,0.0,0.0,0.0,0.0,0.0,0.0,0.0,0.0,0.0,0.0,0.0,0.0
0.5509194011680296,0.3509033713581588,-0.030694967836782015,-0.015649442221377277,0.9357776113356947,0.5422267380879165,0.5809915390521669,-0.5425442110923755,-0.8512480782597656,-0.41688695153746336,-0.7444155082302352,-0.0762293042795984,0.9185302644302358,0.4787138223282733,-0.4059171964912155,-0.1676058144559928,0.9130012710860346,-0.9268086133916152,0.29193281265363524,3.510567991745755,3.5124486921669824,0.25069469277740714,2.3487611558655948,4.286441522138577,3.618763500234904,-4.229228094628585,5.8438067529088755,0.0,0.0,0.0,0.0,0.0,0.0,0.0,0.0,0.0,0.0,0.0,0.0,0.0,0.0,0.0,0.0,0.0,0.0,0.0,0.0,0.0,0.0,0.0,0.0,0.0,0.0,0.0,0.0,0.0,0.0,0.0,0.0,0.0,0.0,0.0,0.0,0.0,0.0,0.0,0.0,0.0,0.0,0.0,0.0,0.0,0.0,0.0,0.0,0.0,0.0,0.0,0.0,0.0,0.0,0.0,0.0,0.0,0.0,0.0,0.0,0.0,0.0,0.0,0.0,0.0,0.0,0.0,0.0,0.0,0.0,0.0,0.0,0.0,0.0,0.0,0.0,0.0,0.0
0.5426691526440207,0.33241306278022403,0.0234055728631196,-0.04739339282197163,0.9416515285225443,0.5296256740332969,0.5690464105653629,-0.4726174837329677,-0.6901159982815718,-0.10742270707553633,-0.5954751427583322,-0.3352650927590856,1.1644840213834224,0.5398615210004044,-0.32881016097367327,-0.08908646885707733,-0.2023133888518973,-2.571281202807259,0.35468883487693803,-1.8122193487126053,-3.914323660010042,2.4935038162036314,4.062486510453906,8.08383503449908,2.3408802340786785,-6.1227118945954055,4.057265021906642,0.0,0.0,0.0,0.0,0.0,0.0,0.0,0.0,0.0,0.0,0.0,0.0,0.0,0.0,0.0,0.0,0.0,0.0,0.0,0.0,0.0,0.0,0.0,0.0,0.0,0.0,0.0,0.0,0.0,0.0,0.0,0.0,0.0,0.0,0.0,0.0,0.0,0.0,0.0,0.0,0.0,0.0,0.0,0.0,0.0,0.0,0.0,0.0,0.0,0.0,0.0,0.0,0.0,0.0,0.0,0.0,0.0,0.0,0.0,0.0,0.0,0.0,0.0,0.0,0.0,0.0,0.0,0.0,0.0,0.0,0.0,0.0,0.0,0.0,0.0,0.0,0.0,0.0
0.5313506492773651,0.3331306437746128,0.0698176536121512,-0.05307004142598584,0.9387933958680427,0.30758564655854925,0.4884335703516734,-0.3158766367128738,-0.46586904566622295,0.4688115820278838,-0.5842105007747252,-0.5590385710453225,1.2535038293583096,1.0167286067390402,-0.7393289994221928,-0.34851244240711166,0.919265875319851,-1.288406435608064,-0.5018503479755531,-7.034567075987425,0.8072955833670258,3.7763118185716054,-0.19725532906855636,14.915257209418522,-1.8450998493605413,-0.24697763857834398,-0.6869260939800218,0.0,0.0,0.0,0.0,0.0,0.0,0.0,0.0,0.0,0.0,0.0,0.0,0.0,0.0,0.0,0.0,0.0,0.0,0.0,0.0,0.0,0.0,0.0,0.0,0.0,0.0,0.0,0.0,0.0,0.0,0.0,0.0,0.0,0.0,0.0,0.0,0.0,0.0,0.0,0.0,0.0,0.0,0.0,0.0,0.0,0.0,0.0,0.0,0.0,0.0,0.0,0.0,0.0,0.0,0.0,0.0,0.0,0.0,0.0,0.0,0.0,0.0,0.0,0.0,0.0,0.0,0.0,0.0,0.0,0.0,0.0,0.0,0.0,0.0,0.0,0.0,0.0,0.0
0.5336262691259872,0.34072104133985914,0.10761753460930608,-0.03587554470856998,0.9332955499330113,-0.02448967684572334,0.5236182550203692,0.04005270478743109,-0.5062998538942352,0.5804365480331237,-0.7376660233957842,-0.5270949704895889,1.230162432664523,-1.0302127970852992,0.581244676887535,1.7344377513057962,1.0757419524250045,1.4410903012116254,-2.9337187659867343,-6.160425597362412,0.5533270093816374,9.930446713746731,-0.5402934829178494,-1.5329094868675777,-3.944820298672853,0.9486303469321495,-0.2096045481896401,0.0,0.0,0.0,0.0,0.0,0.0,0.0,0.0,0.0,0.0,0.0,0.0,0.0,0.0,0.0,0.0,0.0,0.0,0.0,0.0,0.0,0.0,0.0,0.0,0.0,0.0,0.0,0.0,0.0,0.0,0.0,0.0,0.0,0.0,0.0,0.0,0.0,0.0,0.0,0.0,0.0,0.0,0.0,0.0,0.0,0.0,0.0,0.0,0.0,0.0,0.0,0.0,0.0,0.0,0.0,0.0,0.0,0.0,0.0,0.0,0.0,0.0,0.0,0.0,0.0,0.0,0.0,0.0,0.0,0.0,0.0,0.0,0.0,0.0,0.0,0.0,0.0,0.0
0.6204807271172725,0.36744830831954045,0.05655376662150351,-0.05028281480025175,0.9269601128041021,-0.40145396353493185,0.5235365535081005,0.5234978091467997,-0.5201350346476521,0.37598733902574316,-0.9665862553354644,-0.5295473847722054,1.0488990743649678,-1.2702092846675044,0.6424768628691883,1.416639090325149,-1.6576060923709965,1.7873879365901435,-0.16287422744505228,-8.871470903884275,-0.41059240623917465,9.456888434445906,-0.10102947807083368,-6.702134158375044,-5.3314044370586675,0.0391632486757854,-7.007485493552186,0.0,0.0,0.0,0.0,0.0,0.0,0.0,0.0,0.0,0.0,0.0,0.0,0.0,0.0,0.0,0.0,0.0,0.0,0.0,0.0,0.0,0.0,0.0,0.0,0.0,0.0,0.0,0.0,0.0,0.0,0.0,0.0,0.0,0.0,0.0,0.0,0.0,0.0,0.0,0.0,0.0,0.0,0.0,0.0,0.0,0.0,0.0,0.0,0.0,0.0,0.0,0.0,0.0,0.0,0.0,0.0,0.0,0.0,0.0,0.0,0.0,0.0,0.0,0.0,0.0,0.0,0.0,0.0,0.0,0.0,0.0,0.0,0.0,0.0,0.0,0.0,0.0,0.0
0.677593224350716,0.36404985841159404,-0.008881364261119929,-0.08929926810418472,0.9270460952268869,-0.573993420749176,0.521199358727143,0.5571201287615336,-0.5209310522803743,-0.03043334538112158,-1.26043639455639,-0.5259821652101433,0.7699897715791302,-0.5482926670971325,1.4174130983036641,0.9055939375100108,-2.5929038469684453,1.7599177317754786,0.05697616791473944,1.112914534201557,0.04249159562979685,-2.607569109844886,0.006900059920691884,-9.513225455912668,-2.553946699136386,0.04394142520947156,-4.180445286256527,0.0,0.0,0.0,0.0,0.0,0.0,0.0,0.0,0.0,0.0,0.0,0.0,0.0,0.0,0.0,0.0,0.0,0.0,0.0,0.0,0.0,0.0,0.0,0.0,0.0,0.0,0.0,0.0,0.0,0.0,0.0,0.0,0.0,0.0,0.0,0.0,0.0,0.0,0.0,0.0,0.0,0.0,0.0,0.0,0.0,0.0,0.0,0.0,0.0,0.0,0.0,0.0,0.0,0.0,0.0,0.0,0.0,0.0,0.0,0.0,0.0,0.0,0.0,0.0,0.0,0.0,0.0,0.0,0.0,0.0,0.0,0.0,0.0,0.0,0.0,0.0,0.0,0.0
0.7156726654654514,0.369375411336569,-0.06912933420466671,-0.13636262731764848,0.9166177908612672,-0.429610887977504,0.5981614217549577,0.38279861555495104,-0.5220804117371203,-0.5744229887507264,-1.2135737013559509,-0.47202938989990734,0.6208057735171899,-0.3376826907113596,1.445308989941787,0.5989597808878868,-2.498732211371402,1.5567096148308006,-0.9598680842882783,4.645027290948918,3.0096445433785277,-4.325245675796557,-0.01788500472367052,-5.144061878140428,2.868321203929636,2.11650117208677,-1.8127664630072375,0.0,0.0,0.0,0.0,0.0,0.0,0.0,0.0,0.0,0.0,0.0,0.0,0.0,0.0,0.0,0.0,0.0,0.0,0.0,0.0,0.0,0.0,0.0,0.0,0.0,0.0,0.0,0.0,0.0,0.0,0.0,0.0,0.0,0.0,0.0,0.0,0.0,0.0,0.0,0.0,0.0,0.0,0.0,0.0,0.0,0.0,0.0,0.0,0.0,0.0,0.0,0.0,0.0,0.0,0.0,0.0,0.0,0.0,0.0,0.0,0.0,0.0,0.0,0.0,0.0,0.0,0.0,0.0,0.0,0.0,0.0,0.0,0.0,0.0,0.0,0.0,0.0,0.0
0.7299434393228481,0.3982039927038168,-0.11574860981537374,-0.16327686121734084,0.8951963505910655,-0.2528747356569869,0.7806473447104337,0.164865098986867,-0.5268810311249671,-0.5573328753622447,-0.9882012289954982,-0.3716672869512244,0.4756716782838498,-0.5023229452933342,1.1848649944505627,0.0632544079124111,-1.748569566873367,1.245320561164694,-1.0870179427118258,2.4411021724518434,4.27784924364399,-4.410938727900882,-0.16278867397168809,1.4473394440109772,6.118716092736614,1.8918555524781147,0.27782793205339473,0.0,0.0,0.0,0.0,0.0,0.0,0.0,0.0,0.0,0.0,0.0,0.0,0.0,0.0,0.0,0.0,0.0,0.0,0.0,0.0,0.0,0.0,0.0,0.0,0.0,0.0,0.0,0.0,0.0,0.0,0.0,0.0,0.0,0.0,0.0,0.0,0.0,0.0,0.0,0.0,0.0,0.0,0.0,0.0,0.0,0.0,0.0,0.0,0.0,0.0,0.0,0.0,0.0,0.0,0.0,0.0,0.0,0.0,0.0,0.0,0.0,0.0,0.0,0.0,0.0,0.0,0.0,0.0,0.0,0.0,0.0,0.0,0.0,0.0,0.0,0.0,0.0,0.0
0.7429946071840229,0.4116628483654197,-0.08855149112875618,-0.16237255018893135,0.8923718326122178,-0.17024452280526037,0.9879074193551832,-0.2097795076556534,-0.5920562179908485,-0.4599610603606594,-0.7339281296335707,-0.190084675807721,0.5183062336078413,-0.24193161874604985,0.6821187655944808,0.14739573980834128,1.3305655671694887,-1.3593380314439445,-0.44704581141030875,0.8738937310885248,4.092673244671194,-10.534451279245062,-2.4261700041247733,2.4340411282365726,4.046492592091217,5.356286888930532,0.96143638877336,0.0,0.0,0.0,0.0,0.0,0.0,0.0,0.0,0.0,0.0,0.0,0.0,0.0,0.0,0.0,0.0,0.0,0.0,-0.133879258917249,1.0,0.6476547401478769,-0.7452876951383204,-0.6093444960120413,0.962680873054388,0.0,0.0,0.0,0.0,0.0,0.0,0.0,0.0,0.0,0.0,0.0,0.0,0.0,0.0,0.0,0.0,0.0,0.0,0.0,0.0,0.0,0.0,0.0,0.0,0.0,0.0,0.0,0.0,0.0,0.0,0.0,0.0,0.0,0.0,0.0,0.0,0.0,0.0,0.0,0.0,0.0,0.0,0.0,0.0,0.0,0.0,0.0,0.0,0.0,0.0,0.0,0.0,0.0,0.0
0.7355206314702177,0.44064948108067165,-0.042885418083279433,-0.13479736380675802,0.8864640694635668,-0.15260109031837796,1.2118619732473306,-0.5655397869666046,-0.8144744937987813,-0.2912718446062391,-0.5963285316583034,0.14823212823498116,0.5194125923447546,-0.43568919416901997,0.6346334637237396,-0.22309707526911274,2.9335707122180077,0.10914824551771618,-1.9687166429387166,-0.1705252533249783,4.858665215205164,-0.5853205029247706,-6.415385104348152,4.290530752293897,1.4735065075635934,8.144924110388619,0.012423047013554442,0.0,0.0,0.0,0.0,0.0,0.0,0.0,0.0,0.0,0.0,0.0,0.0,0.0,0.0,0.0,0.0,0.0,0.0,0.0,0.0,0.0,0.0,0.0,0.0,0.0,0.0,0.0,0.0,0.0,0.0,0.0,0.0,0.0,0.0,0.0,0.0,0.0,0.0,0.0,0.0,0.0,0.0,0.0,0.0,0.0,0.0,0.0,0.0,0.0,0.0,0.0,0.0,0.0,0.0,0.0,0.0,0.0,0.0,0.0,0.0,0.0,0.0,0.0,0.0,0.0,0.0,0.0,0.0,0.0,0.0,0.0,0.0,0.0,0.0,0.0,0.0,0.0,0.0
0.718424168708908,0.4844503955969621,-0.015245872898948099,-0.0565765451760747,0.8728542101069555,-0.21319630532621947,1.2428183312546033,-0.5370089281660395,-1.2665656611517018,-0.08920959506147358,-0.5589136523307608,0.5350592264756568,0.7027025173506517,-0.5574947230903657,0.675623056068396,-0.5664211856321617,3.108078927427226,0.6255012691893951,-1.358695669496159,-2.2356296363806027,-0.5896415731872303,0.621481189784465,-9.3574029477608,3.7836024266915067,0.04049318060260787,6.08740477822543,7.271210590340838,0.0,0.0,0.0,0.0,0.0,0.0,0.0,0.0,0.0,0.0,0.0,0.0,0.0,0.0,0.0,0.0,0.0,0.0,0.0,0.0,0.0,0.0,0.0,0.0,0.0,0.0,0.0,0.0,0.0,0.0,0.0,0.0,0.0,0.0,0.0,0.0,0.0,0.0,0.0,0.0,0.0,0.0,0.0,0.0,0.0,0.0,0.0,0.0,0.0,0.0,0.0,0.0,0.0,0.0,0.0,0.0,0.0,0.0,0.0,0.0,0.0,0.0,0.0,0.0,0.0,0.0,0.0,0.0,0.0,0.0,0.0,0.0,0.0,0.0,0.0,0.0,0.0,0.0
0.6758570586890063,0.4888291751330437,0.006471572593066926,-0.005910829434176449,0.8723354964589727,-0.25074457527162797,1.2267641620508254,-0.5257406858253328,-1.2697980946197445,0.04579346103454744,-0.608376984137345,0.5523941972299858,1.1430936265049139,-0.6065112726294242,0.9943904333731752,-1.1099119777606796,1.7842282413085881,0.19237789860276905,0.11984536286897055,0.7216987268984609,-0.12367232048299877,0.049405429429035724,2.090431092101768,1.666144946691663,-2.0032877922303034,-0.8536935183205709,10.30896454560302,0.0,0.0,0.0,0.0,0.0,0.0,0.0,0.0,0.0,0.0,0.0,0.0,0.0,0.0,0.0,0.0,0.0,0.0,0.0,0.0,0.0,0.0,0.0,0.0,0.0,0.0,0.0,0.0,0.0,0.0,0.0,0.0,0.0,0.0,0.0,0.0,0.0,0.0,0.0,0.0,0.0,0.0,0.0,0.0,0.0,0.0,0.0,0.0,0.0,0.0,0.0,0.0,0.0,0.0,0.0,0.0,0.0,0.0,0.0,0.0,0.0,0.0,0.0,0.0,0.0,0.0,0.0,0.0,0.0,0.0,0.0,0.0,0.0,0.0,0.0,0.0,0.0,0.0
0.633091736223404,0.49222722137819197,0.019442006564333286,0.01779093541003653,0.8700677292787581,-0.16518296585641987,1.2235528620291594,-0.5247376349963335,-1.1077080547296438,0.08063424924937415,-0.6798732216718761,0.49544633589936143,1.2559583417026228,-0.1822858446494458,-0.7275666377416361,-0.023769675644987442,-0.7087567285744277,-1.212881342319068,-0.7297980055321767,2.686414633259946,-0.023707367342074723,0.005499634648869671,4.379317491378975,-0.240831511753886,-0.8785882289493432,-1.4084320672489186,-2.8726208635066564,0.0,0.0,0.0,0.0,0.0,0.0,0.0,0.0,0.0,0.0,0.0,0.0,0.0,0.0,0.0,0.0,0.0,0.0,0.0,0.0,0.0,0.0,0.0,0.0,0.0,0.0,0.0,0.0,0.0,0.0,0.0,0.0,0.0,0.0,0.0,0.0,0.0,0.0,0.0,0.0,0.0,0.0,0.0,0.0,0.0,0.0,0.0,0.0,0.0,0.0,0.0,0.0,0.0,0.0,0.0,0.0,0.0,0.0,0.0,0.0,0.0,0.0,0.0,0.0,0.0,0.0,0.0,0.0,0.0,0.0,0.0,0.0,1.0,-1.0,-1.0,1.0,-1.0,1.0
0.6165772634871498,0.506703149033308,0.034317448050410794,-0.015040729436192547,0.8613059897487452,-0.1519517608213041,1.126877695000468,-0.52419431265327,-0.8196144860479122,0.05155487294987903,-0.6363509240137396,0.5409245147607242,1.0960881974500034,-0.1454458185313514,-0.835316475542556,-0.6661321890863882,-0.8947632574262497,-1.1655303505859271,-0.22747965227666628,-2.1240241704284784,-3.8098406752122185,0.004933727248956113,7.120668481252992,-0.9244046323994273,2.5937932076458763,0.3931714931600845,-3.5231842463936593,0.0,0.0,0.0,0.0,0.0,0.0,0.0,0.0,0.0,0.0,0.0,0.0,0.0,0.0,0.0,0.0,0.0,0.0,0.0,0.0,0.0,0.0,0.0,0.0,0.0,0.0,0.0,0.0,0.0,0.0,0.0,0.0,0.0,0.0,0.0,0.0,0.0,0.0,0.0,0.0,0.0,0.0,0.0,0.0,0.0,0.0,0.0,0.0,0.0,0.0,0.0,0.0,0.0,0.0,0.0,0.0,0.0,0.0,0.0,0.0,0.0,0.0,0.0,0.0,0.0,0.0,0.0,0.0,0.0,0.0,0.0,0.0,0.0,0.0,0.0,0.0,0.0,0.0
0.5714585687961988,0.5179596108570637,0.0488277641093175,-0.0308832456953684,0.8534517655428486,-0.1814286418753685,1.009970307374034,-0.5254205475996749,-0.6299374020045785,0.05547961672723387,-0.5022856805946164,0.5112718438023851,0.8207661039414789,-0.2586743057505627,-0.871588823063455,-1.0772401071699798,0.1441257797802255,-0.24074284623277437,-0.8384076525968476,0.9191077590515996,-0.8942244417749392,-0.015385485769624205,0.521548061051565,1.0628299614789967,0.30242885111788187,-1.3508323347014497,-7.459124039533449,0.0,0.0,0.0,0.0,0.0,0.0,0.0,0.0,0.0,0.0,0.0,0.0,0.0,0.0,0.0,0.0,0.0,0.0,0.0,0.0,0.0,0.0,0.0,0.0,0.0,0.0,0.0,0.0,0.0,0.0,0.0,0.0,0.0,0.0,0.0,0.0,0.0,0.0,0.0,0.0,0.0,0.0,0.0,0.0,0.0,0.0,0.0,0.0,0.0,0.0,0.0,0.0,0.0,0.0,0.0,0.0,0.0,0.0,0.0,0.0,0.0,0.0,0.0,0.0,0.0,0.0,0.0,0.0,0.0,0.0,0.0,0.0,0.0,0.0,0.0,0.0,0.0,0.0
0.5043200635052406,0.5423110571604904,0.05863545417218181,-0.03798651690573177,0.8372679531242467,-0.05968709357418746,1.0252362110622433,-0.4956413488678456,-0.49102901563776824,0.16419497756753884,-0.5162648271226544,0.43520675360140676,0.4785635815615796,-0.35117167422322515,-0.7664457426201957,-1.501340368145803,-0.14219051966185814,-1.0626975519843107,-1.48811249358075,3.9268006482873945,1.4909808618189389,1.1991218300666764,1.71525049029694,3.266724357944018,-0.2688883488464391,-1.6919291287212346,-2.537859864588439,0.0,0.0,0.0,0.0,0.0,0.0,0.0,0.0,0.0,0.0,0.0,0.0,0.0,0.0,0.0,0.0,0.0,0.0,0.0,0.0,0.0,0.0,0.0,0.0,0.0,0.0,0.0,0.0,0.0,0.0,0.0,0.0,0.0,0.0,0.0,0.0,0.0,0.0,0.0,0.0,0.0,0.0,0.0,0.0,0.0,0.0,0.0,0.0,0.0,0.0,0.0,0.0,0.0,0.0,0.0,0.0,0.0,0.0,0.0,0.0,0.0,0.0,0.0,0.0,0.0,0.0,0.0,0.0,0.0,0.0,0.0,0.0,0.0,0.0,0.0,0.0,0.0,0.0
0.44587833510629926,0.5723911489096962,0.07338489933621051,-0.06147682921387818,0.8143731507540385,0.14447880627978107,0.9312534987600953,-0.45251753607701534,-0.5061393738113659,0.32181874392983106,-0.522215752163093,0.2807660795626322,0.5397738106243866,0.02440383358987927,-0.7026364185517354,-0.2092745118133057,-0.35501551268719833,0.10993388905495838,-1.4935658528001976,4.211914102733352,-5.185671027011749,0.5430114177516531,-0.5275329741754625,3.040514812267862,-0.03695782327598546,-4.457574008032516,3.5082137922049204,0.0,0.0,0.0,0.0,0.0,0.0,0.0,0.0,0.0,0.0,0.0,0.0,0.0,0.0,0.0,0.0,0.0,0.0,0.0,0.0,0.0,0.0,0.0,0.0,0.0,0.0,0.0,0.0,0.0,0.0,0.0,0.0,0.0,0.0,0.0,0.0,-1.0,1.0,1.0,1.0,1.0,1.0,0.0,0.0,0.0,0.0,0.0,0.0,0.0,0.0,0.0,0.0,0.0,0.0,-0.8593480086518912,-1.0,-0.8444253536230824,-1.0,0.023711262103924994,1.0,0.0,0.0,0.0,0.0,0.0,0.0,0.0,0.0,0.0,0.0,0.0,0.0,0.0,0.0,0.0,0.0,0.0,0.0
0.4680570450609453,0.608070873992621,0.06439837152416719,-0.029162127965634374,0.7907289246255013,0.2241546297854579,0.7500469787634593,-0.31149788675312623,-0.6197102245361666,0.3995323898225195,-0.5230401892220504,0.09053168163853936,0.7114925345396899,-0.41754320160373953,0.6021708637737474,0.755687442004974,1.1588067309759258,1.5841842275444664,-1.7809280873353934,-0.9903696168748348,-2.0965467801048208,5.172862524479771,-4.03599663345993,0.00829507420778397,-0.003603726543394399,-3.165294166943963,3.3648608683162986,0.0,0.0,0.0,0.0,0.0,0.0,0.0,0.0,0.0,0.0,0.0,0.0,0.0,0.0,0.0,0.0,0.0,0.0,0.0,0.0,0.0,0.0,0.0,0.0,0.0,0.0,0.0,0.0,0.0,0.0,0.0,0.0,0.0,0.0,0.0,0.0,0.0,0.0,0.0,0.0,0.0,0.0,0.0,0.0,0.0,0.0,0.0,0.0,0.0,0.0,0.0,0.0,0.0,0.0,0.0,0.0,0.0,0.0,0.0,0.0,0.0,0.0,0.0,0.0,0.0,0.0,0.0,0.0,0.0,0.0,0.0,0.0,0.0,0.0,0.0,0.0,0.0,0.0
0.5142814347264819,0.6404275412699169,0.06456040538933273,0.004833821701700132,0.7652850139697563,0.13156423890548727,0.6300929340506651,0.06005607395008518,-0.8699742654550255,0.5426551922883592,-0.5480567196154736,-0.13051510058345192,0.8417368702256599,-1.4941620867764924,0.5679529417704299,2.7087735996347404,1.3905765626402564,-0.9974685388181186,-1.1324313554692687,-2.7122290912644784,-2.648199222217343,9.49459354637354,-5.466051671996899,3.6020894047165246,-0.9557377146816726,-5.433026921585517,1.3998646692797174,0.0,0.0,0.0,0.0,0.0,0.0,0.0,0.0,0.0,0.0,0.0,0.0,0.0,0.0,0.0,0.0,0.0,0.0,0.0,0.0,0.0,0.0,0.0,0.0,0.0,0.0,0.0,0.0,0.0,0.0,0.0,0.0,0.0,0.0,0.0,0.0,-1.0,1.0,-1.0,-1.0,-1.0,1.0,0.0,0.0,0.0,0.0,0.0,0.0,0.0,0.0,0.0,0.0,0.0,0.0,0.0,0.0,0.0,0.0,0.0,0.0,0.0,0.0,0.0,0.0,0.0,0.0,0.0,0.0,0.0,0.0,0.0,0.0,1.0,-1.0,1.0,1.0,1.0,1.0
0.6590307096881353,0.6352012735357032,0.09123486206111879,0.047626200502132676,0.7654588735321055,-0.18352423002305251,0.5351220941173346,0.44584304188659707,-1.2355669081352052,0.47809090224908346,-0.6637375754822324,-0.2361852141577484,1.005124107736422,-1.291605708527159,0.30105706167759816,2.699113165577992,1.9174001936579148,0.48885394016876504,1.2213522383647093,-9.822232644579369,-1.1717412890616536,6.005532293313512,-7.544452426711829,-4.887865401619607,-3.6481876423376445,1.140258379281835,5.205236074970279,0.0,0.0,0.0,0.0,0.0,0.0,0.0,0.0,0.0,0.0,0.0,0.0,0.0,0.0,0.0,0.0,0.0,0.0,0.0,0.0,0.0,0.0,0.0,0.0,0.0,0.0,0.0,0.0,0.0,0.0,0.0,0.0,0.0,0.0,0.0,0.0,0.0,0.0,0.0,0.0,0.0,0.0,0.0,0.0,0.0,0.0,0.0,0.0,0.0,0.0,0.0,0.0,0.0,0.0,0.0,0.0,0.0,0.0,0.0,0.0,0.0,0.0,0.0,0.0,0.0,0.0,0.0,0.0,0.0,0.0,0.0,0.0,0.0,0.0,0.0,0.0,0.0,0.0
0.7776457450123968,0.6061464775713216,0.13272434816124737,0.07636588687073254,0.780473539881717,-0.6082106298633005,0.5427465515497689,0.547381922074267,-1.251396183422325,0.26290400071432046,-0.7542351195964215,-0.22186070020924897,1.2593567840244864,-0.85212691617453,0.7246686726663624,2.011914327813105,2.2328539979174447,-0.9087507609679134,-0.04389857501533334,0.05078458047888246,1.459863765218989,-0.846235719489906,1.7136674154474474,-3.6906023150731215,-0.003021297097562048,-0.523831266749027,1.9484874646388768,0.0,0.0,0.0,0.0,0.0,0.0,0.0,0.0,0.0,0.0,0.0,0.0,0.0,0.0,0.0,0.0,0.0,0.0,0.0,0.0,0.0,0.0,0.0,0.0,0.0,0.0,0.0,0.0,0.0,0.0,0.0,0.0,0.0,0.0,0.0,0.0,0.0,0.0,0.0,0.0,0.0,0.0,0.0,0.0,0.0,0.0,0.0,0.0,0.0,0.0,0.0,0.0,0.0,0.0,0.0,0.0,0.0,0.0,0.0,0.0,0.0,0.0,0.0,0.0,0.0,0.0,0.0,0.0,0.0,0.0,0.0,0.0,0.0,0.0,0.0,0.0,0.0,0.0
0.8648902470653127,0.6020960786442858,0.19056522560720618,0.10953708193844156,0.7675720386718501,-0.5496127934214425,0.6718905494279159,0.4950065365533367,-1.1476912624144118,0.10010398476767671,-0.7103645128108227,-0.2956080934270372,1.2414314691338475,-0.8689729516509547,0.7404401211806377,1.4956552231735998,2.6171951823133206,-1.3007154436566013,-0.08482877240263952,0.8321381370877159,3.6877337008949387,-1.2496012675843293,2.429184828979758,-2.834911216756258,1.7421871887513174,-2.415059529629745,-0.6104920291181223,0.0,0.0,0.0,0.0,0.0,0.0,0.0,0.0,0.0,0.0,0.0,0.0,0.0,0.0,0.0,0.0,0.0,0.0,0.0,0.0,0.0,0.0,0.0,0.0,0.0,0.0,0.0,0.0,0.0,0.0,0.0,0.0,0.0,0.0,0.0,0.0,0.0,0.0,0.0,0.0,0.0,0.0,0.0,0.0,0.0,0.0,0.0,0.0,0.0,0.0,0.0,0.0,0.0,0.0,0.0,0.0,0.0,0.0,0.0,0.0,0.0,0.0,0.0,0.0,0.0,0.0,0.0,0.0,0.0,0.0,0.0,0.0,0.0,0.0,0.0,0.0,0.0,0.0
0.9250267381502396,0.5782437421398751,0.25552883935064674,0.12424225695694588,0.7647895452491683,-0.529773564970512,0.9085100310432652,0.2508812928934452,-1.0097567339949725,-0.0891595779983812,-0.6607059928509217,-0.5496014323379911,1.2258257517244462,-0.6885759759374273,0.7770070977253384,0.8774402739062906,1.7397135903495566,-1.7228904170536004,1.6287832957411368,0.134340657499336,5.757108361265164,-8.450751081224588,3.084733478826585,-4.715288691716197,0.2548892433900351,-6.144677842177174,-0.11349186518941523,0.0,0.0,0.0,0.0,0.0,0.0,0.0,0.0,0.0,0.0,0.0,0.0,0.0,0.0,0.0,0.0,0.0,0.0,0.0,0.0,0.0,0.0,0.0,0.0,0.0,0.0,0.0,0.0,0.0,0.0,0.0,0.0,0.0,0.0,0.0,0.0,0.0,0.0,0.0,0.0,0.0,0.0,0.0,0.0,0.0,0.0,0.0,0.0,0.0,0.0,0.0,0.0,0.0,0.0,0.0,0.0,0.0,0.0,0.0,0.0,0.0,0.0,0.0,0.0,0.0,0.0,0.0,0.0,0.0,0.0,0.0,0.0,0.0,0.0,0.0,0.0,0.0,0.0
0.9495057386275156,0.5605476134601282,0.303679155672987,0.12895622058100656,0.7595627930772806,-0.44242459029606945,1.131272447428749,-0.17160690988795935,-0.8697015164962169,-0.2300647219298701,-0.6642238064445279,-0.5493507947981575,1.223755666887295,-0.6850605659198253,0.40094627175471453,0.16935559067152106,1.2860543865468013,-1.1084718657444859,0.033153751406948734,3.3229423968623184,3.1783759955195614,-8.454425042441152,2.5252974194237705,-0.966835902411778,-0.38642305739679816,1.794683562491248,-0.009190990712526978,0.0,0.0,0.0,0.0,0.0,0.0,0.0,0.0,0.0,0.0,0.0,0.0,0.0,0.0,0.0,0.0,0.0,0.0,0.0,0.0,0.0,0.0,0.0,0.0,0.0,0.0,0.0,0.0,0.0,0.0,0.0,0.0,0.0,0.0,0.0,0.0,0.0,0.0,0.0,0.0,0.0,0.0,0.0,0.0,0.0,0.0,0.0,0.0,0.0,0.0,0.0,0.0,0.0,0.0,0.0,0.0,0.0,0.0,0.0,0.0,0.0,0.0,0.0,0.0,0.0,0.0,0.0,0.0,0.0,0.0,0.0,0.0,0.0,0.0,0.0,0.0,0.0,0.0
0.9508929339354232,0.5603219043051824,0.30818660943889803,0.1426091488759652,0.7554621155129114,-0.26117837192118304,1.2362824022724606,-0.6008579193320042,-0.7396546731946549,-0.22867058165595744,-0.7352965684069485,-0.3591688742291801,1.2229912739272681,-0.7311633510040594,0.40069412244561786,0.029189137823743896,-0.18954806404137725,1.3042740090397862,-1.5172777274694482,3.942569329869146,0.11671923688509256,-2.2082312678341243,2.675837391753024,1.0330736238105986,-2.4286670267272066,5.79145137626359,-0.009290409328234333,0.0,0.0,0.0,0.0,0.0,0.0,0.0,0.0,0.0,0.0,0.0,0.0,0.0,0.0,0.0,0.0,0.0,0.0,0.0,0.0,0.0,0.0,0.0,0.0,0.0,0.0,0.0,0.0,0.0,0.0,0.0,0.0,0.0,0.0,0.0,0.0,0.0,0.0,0.0,0.0,0.0,0.0,0.0,0.0,0.0,0.0,0.0,0.0,0.0,0.0,0.0,0.0,0.0,0.0,0.0,0.0,0.0,0.0,0.0,0.0,0.0,0.0,0.0,0.0,0.0,0.0,0.0,0.0,0.0,0.0,0.0,0.0,0.0,0.0,0.0,0.0,0.0,0.0
0.9441630911582686,0.5970663477786378,0.28222794569552817,0.16831470047428623,0.7317986913236542,-0.15732302711052498,1.227603221612985,-0.5561392844153826,-0.4858774658016008,0.0038422638153946947,-0.7465900798749112,-0.17212821110746684,1.2224016823552357,-1.1038038065904718,0.273412226028509,-0.2733115159894163,0.47993485819022624,0.8743896177805288,-2.2995888833449603,0.22796674243652926,-0.14578980702071112,1.0420159822463715,2.828420964954084,8.202992642605139,1.941776716441595,1.7196971376727626,-0.005724481612975367,0.0,0.0,0.0,0.0,0.0,0.0,0.0,0.0,0.0,0.0,0.0,0.0,0.0,0.0,0.0,0.0,0.0,0.0,0.0,0.0,0.0,0.0,0.0,0.0,0.0,0.0,0.0,0.0,0.0,0.0,0.0,0.0,0.0,0.0,0.0,0.0,0.0,0.0,0.0,0.0,0.0,0.0,0.0,0.0,0.0,0.0,0.0,0.0,0.0,0.0,0.0,0.0,0.0,0.0,0.0,0.0,0.0,0.0,0.0,0.0,0.0,0.0,0.0,0.0,0.0,0.0,0.0,0.0,0.0,0.0,0.0,0.0,0.0,0.0,0.0,0.0,0.0,0.0
0.9368018384557156,0.6452999960992472,0.24652517523148937,0.25030464603668495,0.6783515586949335,-0.11524055130349956,1.2241796828515437,-0.5220787441400352,-0.5350213792140887,0.42042458606304267,-0.6403145557955493,-0.05979142211359484,1.2229081734579113,-1.2145191506099313,0.11849660309577342,-0.25959344755062125,1.6206461711745404,2.6631550062391347,-4.42238478207885,1.437544327874695,-0.022772489012957538,0.2927419951499405,-3.1692948530604705,8.545194185022085,2.35565411403552,2.7487810372596697,0.0062845457934758205,0.0,0.0,0.0,0.0,0.0,0.0,0.0,0.0,0.0,0.0,0.0,0.0,0.0,0.0,0.0,0.0,0.0,0.0,0.0,0.0,0.0,0.0,0.0,0.0,0.0,0.0,0.0,0.0,0.0,0.0,0.0,0.0,0.0,0.0,0.0,0.0,0.0,0.0,0.0,0.0,0.0,0.0,0.0,0.0,0.0,0.0,0.0,0.0,0.0,0.0,0.0,0.0,0.0,0.0,0.0,0.0,0.0,0.0,0.0,0.0,0.0,0.0,0.0,0.0,0.0,0.0,0.0,0.0,0.0,0.0,0.0,0.0,0.0,0.0,0.0,0.0,0.0,0.0
0.9114340311585525,0.6864635289114812,0.21362625966323712,0.3188137245215635,0.6176483252736794,0.0033053667942761385,1.2244767599978288,-0.40053918301917296,-0.5345905884786643,0.572484123340245,-0.49294818754714975,0.002947095225382436,1.2225269192014452,-1.2778558979577315,0.5064598743284858,-0.03882770416438264,0.5213040930693904,-0.7430209223037667,-2.376169735080503,3.269446351638978,0.008757218236103929,4.515970381281228,3.1357585942791957,-1.1506638989246405,0.8295216888678776,-0.1464157602139966,-0.00023567619809258724,0.0,0.0,0.0,0.0,0.0,0.0,0.0,0.0,0.0,0.0,0.0,0.0,0.0,0.0,0.0,0.0,0.0,0.0,0.0,0.0,0.0,0.0,0.0,0.0,0.0,0.0,0.0,0.0,0.0,0.0,0.0,0.0,0.0,0.0,0.0,0.0,0.0,0.0,0.0,0.0,0.0,0.0,0.0,0.0,0.0,0.0,0.0,0.0,0.0,0.0,0.0,0.0,0.0,0.0,0.0,0.0,0.0,0.0,0.0,0.0,0.0,0.0,0.0,0.0,0.0,0.0,0.0,0.0,0.0,0.0,0.0,0.0,1.0,1.0,1.0,-1.0,-1.0,1.0
0.9453541085391577,0.7064436994663027,0.23494945790417526,0.31706017856641877,0.5875448024468688,0.09667934144441642,1.2233333540849884,-0.26789578205881204,-0.5092920181866922,0.4371961326673462,-0.5103415263478774,-0.07997126335100309,1.1537918984019775,-1.4250501187867823,-0.002397199107829942,1.0021135897649052,1.2204062128852045,-0.9126602417280789,0.10810986126455774,0.4967375166575174,-0.018065759587847993,0.8278877639954374,-0.33040183832366443,-4.234592513568258,-0.40001040693915824,-3.1634538376360704,-2.793681171194684,0.0,0.0,0.0,0.0,0.0,0.0,0.0,0.0,0.0,0.0,0.0,0.0,0.0,0.0,0.0,0.0,0.0,0.0,0.0,0.0,0.0,0.0,0.0,0.0,0.0,0.0,0.0,0.0,0.0,0.0,0.0,0.0,0.0,0.0,0.0,0.0,0.0,0.0,0.0,0.0,0.0,0.0,0.0,0.0,0.0,0.0,0.0,0.0,0.0,0.0,0.0,0.0,0.0,0.0,0.0,0.0,0.0,0.0,0.0,0.0,0.0,0.0,0.0,0.0,0.0,0.0,0.0,0.0,0.0,0.0,0.0,0.0,1.0,1.0,1.0,-1.0,-1.0,1.0
0.993661195524307,0.683224226873859,0.29207552309079055,0.3136351217618343,0.5912102460388344,0.11034717832087576,1.2233177706953873,-0.35795720660955815,-0.5201854798617573,0.1938910815665564,-0.520785231300534,-0.3279848387438156,0.965338299835508,-1.6180874866895822,-0.05229512303821299,0.8634461026253004,2.176010778980196,-1.4178397351911458,2.775698478481246,0.05515390085717253,0.0030343959413743557,-4.388559228706311,-0.0965017273535315,-5.492729253669136,-0.07745431239312542,-6.717636824522618,-4.753241634582552,0.0,0.0,0.0,0.0,0.0,0.0,0.0,0.0,0.0,0.0,0.0,0.0,0.0,0.0,0.0,0.0,0.0,0.0,0.0,0.0,0.0,0.0,0.0,0.0,0.0,0.0,0.0,0.0,0.0,0.0,0.0,0.0,0.0,0.0,0.0,0.0,0.0,0.0,0.0,0.0,0.0,0.0,0.0,0.0,0.0,0.0,0.0,0.0,0.0,0.0,0.0,0.0,0.0,0.0,0.0,0.0,0.0,0.0,0.0,0.0,0.0,0.0,0.0,0.0,0.0,0.0,0.0,0.0,0.0,0.0,0.0,0.0,1.0,1.0,1.0,-1.0,1.0,1.0
